date,testPositivityRatio,caseDensity,contactTracerCapacityRatio,infectionRate,infectionRateCI90,icuCapacityRatio,vaccinationsInitiatedRatio,vaccinationsCompletedRatio,cases,deaths,positiveTests,negativeTests,contactTracers,hospitalBeds capacity,hospitalBeds currentUsageTotal,hospitalBeds currentUsageCovid,icuBeds capacity,icuBeds currentUsageTotal,icuBeds currentUsageCovid,newCases,newDeaths,vaccinesAdministeredDemographics,vaccinationsInitiatedDemographics,vaccinesDistributed,vaccinationsInitiated,vaccinationsCompleted,vaccinesAdministered,overall,cdcTransmissionLevel
2020-03-12,0.0,0.0,0.0,0.0,0.0,0.0,0.0,0.0,1.0,0.0,0.0,0.0,0.0,0.0,0.0,0.0,0.0,0.0,0.0,0.0,0.0,0.0,0.0,0.0,0.0,0.0,0.0,0.0,0.0
2020-03-13,0.0,0.0,0.0,0.0,0.0,0.0,0.0,0.0,1.0,0.0,0.0,0.0,0.0,0.0,0.0,0.0,0.0,0.0,0.0,0.0,0.0,0.0,0.0,0.0,0.0,0.0,0.0,0.0,0.0
2020-03-14,0.0,0.0,0.0,1.19,1.02,0.0,0.0,0.0,2.0,0.0,0.0,0.0,0.0,0.0,0.0,0.0,0.0,0.0,0.0,1.0,0.0,0.0,0.0,0.0,0.0,0.0,0.0,0.0,0.0
2020-03-15,0.0,0.0,0.0,1.21,0.81,0.0,0.0,0.0,3.0,0.0,0.0,0.0,0.0,0.0,0.0,0.0,0.0,0.0,0.0,1.0,0.0,0.0,0.0,0.0,0.0,0.0,0.0,0.0,0.0
2020-03-16,0.0,0.0,0.0,1.22,0.77,0.0,0.0,0.0,3.0,0.0,0.0,0.0,0.0,0.0,0.0,0.0,0.0,0.0,0.0,4.0,0.0,0.0,0.0,0.0,0.0,0.0,0.0,0.0,0.0
2020-03-17,0.0,0.0,0.0,1.24,0.75,0.0,0.0,0.0,10.0,0.0,0.0,0.0,0.0,0.0,0.0,0.0,0.0,0.0,0.0,7.0,0.0,0.0,0.0,0.0,0.0,0.0,0.0,0.0,0.0
2020-03-18,0.0,0.0,0.0,1.25,0.73,0.0,0.0,0.0,15.0,0.0,0.0,0.0,0.0,0.0,0.0,0.0,0.0,0.0,0.0,5.0,0.0,0.0,0.0,0.0,0.0,0.0,0.0,0.0,0.0
2020-03-19,0.0,0.0,0.0,1.27,0.73,0.0,0.0,0.0,17.0,0.0,0.0,0.0,0.0,0.0,0.0,0.0,0.0,0.0,0.0,2.0,0.0,0.0,0.0,0.0,0.0,0.0,0.0,0.0,0.0
2020-03-20,0.0,0.0,0.0,1.28,0.7,0.0,0.0,0.0,18.0,0.0,0.0,0.0,0.0,0.0,0.0,0.0,0.0,0.0,0.0,1.0,0.0,0.0,0.0,0.0,0.0,0.0,0.0,0.0,0.0
2020-03-21,0.0,0.0,0.0,1.29,0.68,0.0,0.0,0.0,22.0,0.0,0.0,0.0,0.0,0.0,0.0,0.0,0.0,0.0,0.0,4.0,0.0,0.0,0.0,0.0,0.0,0.0,0.0,0.0,0.0
2020-03-22,0.0,0.0,0.0,1.3,0.66,0.0,0.0,0.0,24.0,0.0,0.0,0.0,0.0,0.0,0.0,0.0,0.0,0.0,0.0,2.0,0.0,0.0,0.0,0.0,0.0,0.0,0.0,0.0,0.0
2020-03-23,0.0,0.0,0.0,1.31,0.66,0.0,0.0,0.0,26.0,0.0,0.0,0.0,0.0,0.0,0.0,0.0,0.0,0.0,0.0,2.0,0.0,0.0,0.0,0.0,0.0,0.0,0.0,0.0,0.0
2020-03-24,0.0,0.0,0.0,1.31,0.64,0.0,0.0,0.0,28.0,0.0,0.0,0.0,0.0,0.0,0.0,0.0,0.0,0.0,0.0,2.0,0.0,0.0,0.0,0.0,0.0,0.0,0.0,0.0,0.0
2020-03-25,0.0,0.0,0.0,1.31,0.62,0.0,0.0,0.0,37.0,0.0,1.0,0.0,0.0,0.0,0.0,0.0,0.0,0.0,0.0,9.0,0.0,0.0,0.0,0.0,0.0,0.0,0.0,0.0,0.0
2020-03-26,0.049,0.0,0.0,1.31,0.59,0.0,0.0,0.0,49.0,0.0,1.0,0.0,0.0,0.0,0.0,0.0,0.0,0.0,0.0,12.0,0.0,0.0,0.0,0.0,0.0,0.0,0.0,0.0,0.0
2020-03-27,0.051,0.0,0.0,1.3,0.57,0.0,0.0,0.0,56.0,0.0,1.0,0.0,0.0,0.0,0.0,0.0,0.0,0.0,0.0,7.0,0.0,0.0,0.0,0.0,0.0,0.0,0.0,0.0,1.0
2020-03-28,0.05,1.0,0.0,1.29,0.54,0.0,0.0,0.0,74.0,0.0,1.0,0.0,0.0,0.0,0.0,0.0,0.0,0.0,0.0,18.0,0.0,0.0,0.0,0.0,0.0,0.0,0.0,2.0,1.0
2020-03-29,0.051,1.0,0.0,1.27,0.51,0.0,0.0,0.0,85.0,0.0,1.0,0.0,0.0,0.0,0.0,0.0,0.0,0.0,0.0,11.0,0.0,0.0,0.0,0.0,0.0,0.0,0.0,2.0,1.0
2020-03-30,0.051,1.0,0.0,1.25,0.49,0.0,0.0,0.0,88.0,0.0,1.0,0.0,0.0,0.0,0.0,0.0,0.0,0.0,0.0,3.0,0.0,0.0,0.0,0.0,0.0,0.0,0.0,2.0,1.0
2020-03-31,0.051,1.0,0.0,1.22,0.46,0.0,0.0,0.0,96.0,0.0,1.0,0.0,0.0,0.0,0.0,0.0,0.0,0.0,0.0,8.0,0.0,0.0,0.0,0.0,0.0,0.0,0.0,2.0,1.0
2020-04-01,0.051,1.0,0.0,1.19,0.45,0.0,0.0,0.0,121.0,0.0,1.0,0.0,0.0,0.0,0.0,0.0,0.0,0.0,0.0,25.0,0.0,0.0,0.0,0.0,0.0,0.0,0.0,2.0,1.0
2020-04-02,0.051,1.0,0.0,1.16,0.43,0.0,0.0,0.0,138.0,0.0,1.0,0.0,0.0,0.0,0.0,0.0,0.0,0.0,0.0,17.0,0.0,0.0,0.0,0.0,0.0,0.0,0.0,2.0,1.0
2020-04-03,0.051,1.0,0.0,1.13,0.42,0.0,0.0,0.0,154.0,0.0,1.0,0.0,0.0,0.0,0.0,0.0,0.0,0.0,0.0,16.0,0.0,0.0,0.0,0.0,0.0,0.0,0.0,2.0,1.0
2020-04-04,0.051,1.0,0.0,1.1,0.42,0.0,0.0,0.0,167.0,0.0,1.0,0.0,0.0,0.0,0.0,0.0,0.0,0.0,0.0,13.0,0.0,0.0,0.0,0.0,0.0,0.0,0.0,2.0,1.0
2020-04-05,0.051,1.0,0.0,1.06,0.4,0.0,0.0,0.0,189.0,0.0,1.0,0.0,0.0,0.0,0.0,0.0,0.0,0.0,0.0,22.0,0.0,0.0,0.0,0.0,0.0,0.0,0.0,2.0,1.0
2020-04-06,0.051,1.0,0.0,1.03,0.4,0.0,0.0,0.0,200.0,0.0,1.0,0.0,0.0,0.0,0.0,0.0,0.0,0.0,0.0,11.0,0.0,0.0,0.0,0.0,0.0,0.0,0.0,2.0,1.0
2020-04-07,0.051,1.0,0.0,1.0,0.4,0.0,0.0,0.0,213.0,0.0,1.0,0.0,0.0,0.0,0.0,0.0,0.0,0.0,0.0,13.0,0.0,0.0,0.0,0.0,0.0,0.0,0.0,2.0,1.0
2020-04-08,0.051,1.0,0.0,0.97,0.4,0.0,0.0,0.0,221.0,0.0,234.0,4328.0,0.0,0.0,0.0,0.0,0.0,0.0,0.0,8.0,0.0,0.0,0.0,0.0,0.0,0.0,0.0,2.0,1.0
2020-04-09,0.046,1.0,0.0,0.94,0.4,0.0,0.0,0.0,230.0,0.0,243.0,4733.0,0.0,0.0,0.0,0.0,0.0,0.0,0.0,9.0,0.0,0.0,0.0,0.0,0.0,0.0,0.0,2.0,1.0
2020-04-10,0.044,1.0,0.0,0.91,0.4,0.0,0.0,0.0,303.0,0.0,252.0,4979.0,0.0,0.0,0.0,0.0,0.0,0.0,0.0,13.0,0.0,0.0,0.0,0.0,0.0,0.0,0.0,2.0,1.0
2020-04-11,0.041,1.0,0.0,0.89,0.39,0.0,0.0,0.0,320.0,0.0,277.0,5655.0,0.0,0.0,0.0,0.0,0.0,0.0,0.0,17.0,0.0,0.0,0.0,0.0,0.0,0.0,0.0,1.0,1.0
2020-04-12,0.038,1.0,0.0,0.88,0.39,0.0,0.0,0.0,343.0,0.0,277.0,5655.0,0.0,0.0,0.0,0.0,0.0,0.0,0.0,23.0,0.0,0.0,0.0,0.0,0.0,0.0,0.0,1.0,1.0
2020-04-13,0.036,1.0,0.0,0.86,0.4,0.0,0.0,0.0,364.0,0.0,277.0,5655.0,0.0,0.0,0.0,0.0,0.0,0.0,0.0,21.0,0.0,0.0,0.0,0.0,0.0,0.0,0.0,1.0,1.0
2020-04-14,0.032,1.0,0.0,0.85,0.4,0.0,0.0,0.0,373.0,1.0,282.0,5996.0,0.0,0.0,0.0,0.0,0.0,0.0,0.0,9.0,1.0,0.0,0.0,0.0,0.0,0.0,0.0,1.0,1.0
2020-04-15,0.028,1.0,0.0,0.85,0.4,0.0,0.0,0.0,373.0,1.0,282.0,5996.0,0.0,0.0,0.0,0.0,0.0,0.0,0.0,14.0,1.0,0.0,0.0,0.0,0.0,0.0,0.0,1.0,1.0
2020-04-16,0.031,1.0,0.0,0.85,0.41,0.0,0.0,0.0,392.0,2.0,284.0,6009.0,0.0,0.0,0.0,0.0,0.0,0.0,0.0,19.0,1.0,0.0,0.0,0.0,0.0,0.0,0.0,1.0,1.0
2020-04-17,0.031,1.0,0.0,0.85,0.41,0.0,0.0,0.0,393.0,2.0,284.0,6009.0,0.0,0.0,0.0,0.0,0.0,0.0,0.0,1.0,0.5,0.0,0.0,0.0,0.0,0.0,0.0,1.0,1.0
2020-04-18,0.03,1.0,0.0,0.85,0.43,0.0,0.0,0.0,401.0,2.0,301.0,6419.0,0.0,0.0,0.0,0.0,0.0,0.0,0.0,8.0,0.25,0.0,0.0,0.0,0.0,0.0,0.0,1.0,1.0
2020-04-19,0.038,1.0,0.0,0.86,0.44,0.0,0.0,0.0,412.0,2.0,309.0,6543.0,0.0,0.0,0.0,0.0,0.0,0.0,0.0,11.0,0.125,0.0,0.0,0.0,0.0,0.0,0.0,1.0,1.0
2020-04-20,0.038,1.0,0.0,0.87,0.45,0.0,0.0,0.0,422.0,2.0,317.0,6829.0,0.0,0.0,0.0,0.0,0.0,0.0,0.0,10.0,0.0625,0.0,0.0,0.0,0.0,0.0,0.0,1.0,0.0
2020-04-21,0.034,1.0,0.0,0.88,0.44,0.0,0.0,0.0,426.0,2.0,318.0,7008.0,0.0,0.0,0.0,0.0,0.0,0.0,0.0,4.0,2.03125,0.0,0.0,0.0,0.0,0.0,0.0,1.0,0.0
2020-04-22,0.036,1.0,0.0,0.89,0.45,0.0,0.0,0.0,442.0,6.0,332.0,7310.0,0.0,0.0,0.0,0.0,0.0,0.0,0.0,16.0,4.0,0.0,0.0,0.0,0.0,0.0,0.0,1.0,1.0
2020-04-23,0.034,1.0,0.0,0.9,0.46,0.0,0.0,0.0,447.0,6.0,332.0,7310.0,0.0,0.0,0.0,0.0,0.0,0.0,0.0,5.0,2.5,0.0,0.0,0.0,0.0,0.0,0.0,1.0,1.0
2020-04-24,0.033,1.0,0.0,0.91,0.47,0.0,0.0,0.0,453.0,7.0,340.0,7631.0,0.0,0.0,0.0,0.0,0.0,0.0,0.0,6.0,1.0,0.0,0.0,0.0,0.0,0.0,0.0,1.0,1.0
2020-04-25,0.031,1.0,0.0,0.92,0.46,0.0,0.0,0.0,473.0,7.0,341.0,7676.0,0.0,0.0,0.0,0.0,0.0,0.0,0.0,20.0,0.5,0.0,0.0,0.0,0.0,0.0,0.0,1.0,1.0
2020-04-26,0.036,1.0,0.0,0.92,0.45,0.0,0.0,0.0,477.0,7.0,341.0,7676.0,0.0,0.0,0.0,0.0,0.0,0.0,0.0,4.0,0.25,0.0,0.0,0.0,0.0,0.0,0.0,1.0,1.0
2020-04-27,0.045,1.0,0.0,0.92,0.45,0.0,0.0,0.0,502.0,7.0,341.0,7676.0,0.0,0.0,0.0,0.0,0.0,0.0,0.0,25.0,0.125,0.0,0.0,0.0,0.0,0.0,0.0,1.0,1.0
2020-04-28,0.055,1.0,0.0,0.93,0.45,0.0,0.0,0.0,520.0,7.0,398.0,8376.0,0.0,0.0,0.0,0.0,0.0,0.0,0.0,18.0,0.0625,0.0,0.0,0.0,0.0,0.0,0.0,1.0,1.0
2020-04-29,0.053,1.0,0.0,0.93,0.44,0.0,0.0,0.0,536.0,7.0,402.0,8554.0,0.0,0.0,0.0,0.0,0.0,0.0,0.0,16.0,0.03125,0.0,0.0,0.0,0.0,0.0,0.0,1.0,1.0
2020-04-30,0.052,1.0,0.0,0.92,0.43,0.0,0.0,0.0,544.0,7.0,402.0,8554.0,0.0,0.0,0.0,0.0,0.0,0.0,0.0,8.0,0.015625,0.0,0.0,0.0,0.0,0.0,0.0,1.0,1.0
2020-05-01,0.052,1.0,0.0,0.92,0.42,0.0,0.0,0.0,559.0,7.0,419.0,9074.0,0.0,0.0,0.0,0.0,0.0,0.0,0.0,15.0,0.0078125,0.0,0.0,0.0,0.0,0.0,0.0,1.0,1.0
2020-05-02,0.044,1.0,0.0,0.92,0.41,0.0,0.0,0.0,566.0,7.0,427.0,9525.0,0.0,0.0,0.0,0.0,0.0,0.0,0.0,7.0,0.00390625,0.0,0.0,0.0,0.0,0.0,0.0,1.0,1.0
2020-05-03,0.037,1.0,0.0,0.91,0.41,0.0,0.0,0.0,579.0,7.0,427.0,9525.0,0.0,0.0,0.0,0.0,0.0,0.0,0.0,13.0,0.001953125,0.0,0.0,0.0,0.0,0.0,0.0,1.0,1.0
2020-05-04,0.031,1.0,0.0,0.91,0.41,0.0,0.0,0.0,586.0,7.0,427.0,9525.0,0.0,0.0,0.0,0.0,0.0,0.0,0.0,7.0,0.0009765625,0.0,0.0,0.0,0.0,0.0,0.0,1.0,1.0
2020-05-05,0.026,1.0,0.0,0.9,0.41,0.0,0.0,0.0,596.0,7.0,427.0,9525.0,0.0,0.0,0.0,0.0,0.0,0.0,0.0,10.0,0.00048828125,0.0,0.0,0.0,0.0,0.0,0.0,1.0,1.0
2020-05-06,0.027,1.0,0.0,0.9,0.41,0.0,0.0,0.0,604.0,7.0,427.0,9525.0,0.0,0.0,0.0,0.0,0.0,0.0,0.0,8.0,0.000244140625,0.0,0.0,0.0,0.0,0.0,0.0,1.0,1.0
2020-05-07,0.027,1.0,0.0,0.9,0.42,0.0,0.0,0.0,631.0,7.0,502.0,12178.0,0.0,0.0,0.0,0.0,0.0,0.0,0.0,27.0,0.0001220703125,0.0,0.0,0.0,0.0,0.0,0.0,1.0,1.0
2020-05-08,0.027,1.0,0.0,0.9,0.43,0.0,0.0,0.0,635.0,7.0,519.0,12634.0,0.0,0.0,0.0,0.0,0.0,0.0,0.0,4.0,6.103515625e-05,0.0,0.0,0.0,0.0,0.0,0.0,1.0,1.0
2020-05-09,0.031,1.0,0.0,0.9,0.43,0.0,0.0,0.0,644.0,7.0,544.0,13225.0,0.0,0.0,0.0,0.0,0.0,0.0,0.0,9.0,3.0517578125e-05,0.0,0.0,0.0,0.0,0.0,0.0,1.0,1.0
2020-05-10,0.025,1.0,0.0,0.91,0.44,0.0,0.0,0.0,653.0,7.0,544.0,13225.0,0.0,0.0,0.0,0.0,0.0,0.0,0.0,9.0,1.52587890625e-05,0.0,0.0,0.0,0.0,0.0,0.0,1.0,1.0
2020-05-11,0.022,1.0,0.0,0.91,0.44,0.0,0.0,0.0,662.0,7.0,544.0,13225.0,0.0,0.0,0.0,0.0,0.0,0.0,0.0,9.0,7.62939453125e-06,0.0,0.0,0.0,0.0,0.0,0.0,1.0,1.0
2020-05-12,0.019,1.0,0.19,0.91,0.45,0.0,0.0,0.0,669.0,7.0,602.0,17702.0,10.0,0.0,0.0,0.0,0.0,0.0,0.0,7.0,3.814697265625e-06,0.0,0.0,0.0,0.0,0.0,0.0,1.0,1.0
2020-05-13,0.033,1.0,0.2,0.92,0.45,0.0,0.0,0.0,675.0,7.0,602.0,17702.0,10.0,0.0,0.0,0.0,0.0,0.0,0.0,6.0,1.9073486328125e-06,0.0,0.0,0.0,0.0,0.0,0.0,1.0,1.0
2020-05-14,0.041,1.0,0.25,0.92,0.44,0.0,0.0,0.0,688.0,7.0,602.0,17702.0,10.0,0.0,0.0,0.0,0.0,0.0,0.0,13.0,9.5367431640625e-07,0.0,0.0,0.0,0.0,0.0,0.0,1.0,1.0
2020-05-15,0.047,1.0,0.21,0.92,0.44,0.0,0.0,0.0,701.0,7.0,1098.0,24441.0,10.0,0.0,0.0,0.0,0.0,0.0,0.0,13.0,4.76837158203125e-07,0.0,0.0,0.0,0.0,0.0,0.0,1.0,1.0
2020-05-16,0.046,1.0,0.19,0.92,0.43,0.0,0.0,0.0,716.0,7.0,1112.0,25119.0,10.0,0.0,0.0,0.0,0.0,0.0,0.0,15.0,2.384185791015625e-07,0.0,0.0,0.0,0.0,0.0,0.0,1.0,1.0
2020-05-17,0.049,1.0,0.16,0.92,0.43,0.0,0.0,0.0,741.0,7.0,1112.0,25119.0,10.0,0.0,0.0,0.0,0.0,0.0,0.0,25.0,0.5000001192092896,0.0,0.0,0.0,0.0,0.0,0.0,1.0,1.0
2020-05-18,0.053,1.0,0.15,0.91,0.43,0.0,0.0,0.0,754.0,8.0,1112.0,25119.0,10.0,0.0,0.0,0.0,0.0,0.0,0.0,13.0,1.0,0.0,0.0,0.0,0.0,0.0,0.0,1.0,1.0
2020-05-19,0.059,1.0,0.14,0.91,0.43,0.0,0.0,0.0,766.0,10.0,1158.0,26635.0,10.0,0.0,0.0,0.0,0.0,0.0,0.0,12.0,2.0,0.0,0.0,0.0,0.0,0.0,0.0,1.0,1.0
2020-05-20,0.053,1.0,0.69,0.9,0.43,0.0,0.0,0.0,776.0,10.0,1174.0,27198.0,50.0,0.0,0.0,0.0,0.0,0.0,0.0,10.0,1.5,0.0,0.0,0.0,0.0,0.0,0.0,1.0,1.0
2020-05-21,0.042,1.0,0.71,0.89,0.43,0.0,0.0,0.0,787.0,11.0,1256.0,29663.0,50.0,0.0,0.0,0.0,0.0,0.0,0.0,11.0,1.0,0.0,0.0,0.0,0.0,0.0,0.0,1.0,1.0
2020-05-22,0.03,1.0,0.7,0.88,0.43,0.0,0.0,0.0,801.0,12.0,1273.0,30177.0,50.0,0.0,0.0,0.0,0.0,0.0,0.0,14.0,1.0,0.0,0.0,0.0,0.0,0.0,0.0,1.0,1.0
2020-05-23,0.029,1.0,0.8,0.87,0.43,0.0,0.0,0.0,803.0,12.0,1282.0,30716.0,50.0,0.0,0.0,0.0,0.0,0.0,0.0,2.0,0.5,0.0,0.0,0.0,0.0,0.0,0.0,1.0,1.0
2020-05-24,0.028,1.0,0.97,0.86,0.43,0.0,0.0,0.0,813.0,12.0,1282.0,30716.0,50.0,0.0,0.0,0.0,0.0,0.0,0.0,10.0,0.25,0.0,0.0,0.0,0.0,0.0,0.0,1.0,1.0
2020-05-25,0.027,1.0,1.19,0.85,0.43,0.0,0.0,0.0,813.0,12.0,1282.0,30716.0,50.0,0.0,0.0,0.0,0.0,0.0,0.0,20.0,0.125,0.0,0.0,0.0,0.0,0.0,0.0,1.0,1.0
2020-05-26,0.026,1.0,0.91,0.85,0.43,0.0,0.0,0.0,843.0,12.0,1282.0,30716.0,50.0,0.0,0.0,0.0,0.0,0.0,0.0,30.0,0.5625,0.0,0.0,0.0,0.0,0.0,0.0,1.0,1.0
2020-05-27,0.025,1.0,0.95,0.84,0.43,0.0,0.0,0.0,850.0,13.0,1337.0,33438.0,50.0,0.0,0.0,0.0,0.0,0.0,0.0,7.0,1.0,0.0,0.0,0.0,0.0,0.0,0.0,1.0,1.0
2020-05-28,0.02,1.0,0.96,0.84,0.43,0.0,0.0,0.0,860.0,14.0,1346.0,33999.0,50.0,0.0,0.0,0.0,0.0,0.0,0.0,10.0,1.0,0.0,0.0,0.0,0.0,0.0,0.0,1.0,1.0
2020-05-29,0.022,1.0,0.93,0.84,0.44,0.0,0.0,0.0,876.0,15.0,1371.0,34586.0,50.0,0.0,0.0,0.0,0.0,0.0,0.0,16.0,1.0,0.0,0.0,0.0,0.0,0.0,0.0,1.0,1.0
2020-05-30,0.021,1.0,0.8,0.85,0.44,0.0,0.0,0.0,891.0,15.0,1371.0,34586.0,50.0,0.0,0.0,0.0,0.0,0.0,0.0,15.0,1.0,0.0,0.0,0.0,0.0,0.0,0.0,1.0,1.0
2020-05-31,0.02,1.0,0.82,0.86,0.44,0.0,0.0,0.0,898.0,16.0,1371.0,34586.0,50.0,0.0,0.0,0.0,0.0,0.0,0.0,7.0,1.0,0.0,0.0,0.0,0.0,0.0,0.0,1.0,1.0
2020-06-01,0.019,1.0,0.78,0.88,0.44,0.0,0.0,0.0,903.0,16.0,1371.0,34586.0,50.0,0.0,0.0,0.0,0.0,0.0,0.0,5.0,1.0,0.0,0.0,0.0,0.0,0.0,0.0,1.0,1.0
2020-06-02,0.018,1.0,1.04,0.9,0.45,0.0,0.0,0.0,910.0,17.0,1416.0,37847.0,50.0,0.0,0.0,0.0,0.0,0.0,0.0,7.0,1.0,0.0,0.0,0.0,0.0,0.0,0.0,1.0,1.0
2020-06-03,0.018,1.0,1.13,0.92,0.46,0.0,0.0,0.0,912.0,17.0,1425.0,38290.0,50.0,0.0,0.0,0.0,0.0,0.0,0.0,2.0,0.5,0.0,0.0,0.0,0.0,0.0,0.0,1.0,1.0
2020-06-04,0.018,1.0,1.27,0.94,0.47,0.0,0.0,0.0,915.0,17.0,1436.0,38950.0,50.0,0.0,0.0,0.0,0.0,0.0,0.0,3.0,0.25,0.0,0.0,0.0,0.0,0.0,0.0,1.0,0.0
2020-06-05,0.016,1.0,1.56,0.97,0.46,0.0,0.0,0.0,921.0,17.0,1450.0,39603.0,50.0,0.0,0.0,0.0,0.0,0.0,0.0,6.0,0.125,0.0,0.0,0.0,0.0,0.0,0.0,1.0,0.0
2020-06-06,0.016,0.0,1.67,1.0,0.47,0.0,0.0,0.0,933.0,17.0,1463.0,40518.0,50.0,0.0,0.0,0.0,0.0,0.0,0.0,12.0,0.0625,0.0,0.0,0.0,0.0,0.0,0.0,0.0,0.0
2020-06-07,0.018,0.0,1.71,1.03,0.47,0.0,0.0,0.0,939.0,17.0,1472.0,40575.0,50.0,0.0,0.0,0.0,0.0,0.0,0.0,6.0,0.03125,0.0,0.0,0.0,0.0,0.0,0.0,0.0,0.0
2020-06-08,0.025,1.0,1.59,1.07,0.47,0.0,0.0,0.0,947.0,17.0,1472.0,40613.0,50.0,0.0,0.0,0.0,0.0,0.0,0.0,8.0,0.015625,0.0,0.0,0.0,0.0,0.0,0.0,1.0,0.0
2020-06-09,0.03,1.0,1.4,1.1,0.47,0.0,0.0,0.0,960.0,17.0,1519.0,41151.0,50.0,0.0,0.0,0.0,0.0,0.0,0.0,13.0,0.0078125,0.0,0.0,0.0,0.0,0.0,0.0,1.0,0.0
2020-06-10,0.035,1.0,1.21,1.12,0.47,0.0,0.0,0.0,970.0,17.0,1552.0,41770.0,50.0,0.0,0.0,0.0,0.0,0.0,0.0,10.0,0.50390625,0.0,0.0,0.0,0.0,0.0,0.0,1.0,0.0
2020-06-11,0.036,1.0,1.08,1.15,0.45,0.0,0.0,0.0,980.0,18.0,1564.0,42342.0,50.0,0.0,0.0,0.0,0.0,0.0,0.0,10.0,1.0,0.0,0.0,0.0,0.0,0.0,0.0,1.0,1.0
2020-06-12,0.038,1.0,0.8,1.17,0.42,0.0,0.0,0.0,1009.0,18.0,1583.0,42945.0,50.0,0.0,0.0,0.0,0.0,0.0,0.0,29.0,0.5,0.0,0.0,0.0,0.0,0.0,0.0,1.0,1.0
2020-06-13,0.048,1.0,0.74,1.19,0.4,0.0,0.0,0.0,1027.0,18.0,1606.0,43374.0,50.0,0.0,0.0,0.0,0.0,0.0,0.0,18.0,0.25,0.0,0.0,0.0,0.0,0.0,0.0,1.0,1.0
2020-06-14,0.045,1.0,0.63,1.2,0.39,0.0,0.0,0.0,1050.0,18.0,1606.0,43435.0,50.0,0.0,0.0,0.0,0.0,0.0,0.0,23.0,0.125,0.0,0.0,0.0,0.0,0.0,0.0,1.0,1.0
2020-06-15,0.038,1.0,0.62,1.21,0.37,0.0,0.0,0.0,1060.0,18.0,1608.0,43478.0,50.0,0.0,0.0,0.0,0.0,0.0,0.0,10.0,0.0625,0.0,0.0,0.0,0.0,0.0,0.0,1.0,1.0
2020-06-16,0.037,1.0,0.59,1.22,0.35,0.0,0.0,0.0,1079.0,18.0,1636.0,44159.0,50.0,0.0,0.0,0.0,0.0,0.0,0.0,19.0,0.03125,0.0,0.0,0.0,0.0,0.0,0.0,1.0,1.0
2020-06-17,0.012,1.0,0.59,1.22,0.35,0.0,0.0,0.0,1089.0,18.0,1649.0,49996.0,50.0,0.0,0.0,0.0,0.0,0.0,0.0,10.0,0.015625,0.0,0.0,0.0,0.0,0.0,0.0,2.0,1.0
2020-06-18,0.011,1.0,0.52,1.22,0.34,0.0,0.0,0.0,1114.0,18.0,1653.0,50126.0,50.0,0.0,0.0,0.0,0.0,0.0,0.0,25.0,0.0078125,0.0,0.0,0.0,0.0,0.0,0.0,2.0,1.0
2020-06-19,0.014,1.0,0.52,1.22,0.32,0.0,0.0,0.0,1144.0,18.0,1686.0,50259.0,50.0,0.0,0.0,0.0,0.0,0.0,0.0,30.0,1.00390625,0.0,0.0,0.0,0.0,0.0,0.0,2.0,1.0
2020-06-20,0.012,1.0,0.48,1.21,0.31,0.0,0.0,0.0,1173.0,20.0,1701.0,51233.0,50.0,0.0,0.0,0.0,0.0,0.0,0.0,29.0,2.0,0.0,0.0,0.0,0.0,0.0,0.0,2.0,1.0
2020-06-21,0.014,1.0,0.54,1.21,0.31,0.0,0.0,0.0,1179.0,20.0,1730.0,52004.0,50.0,0.0,0.0,0.0,0.0,0.0,0.0,6.0,1.0,0.0,0.0,0.0,0.0,0.0,0.0,2.0,1.0
2020-06-22,0.014,1.0,0.51,1.2,0.3,0.0,0.0,0.0,1197.0,20.0,1735.0,52329.0,50.0,0.0,0.0,0.0,0.0,0.0,0.0,18.0,0.5,0.0,0.0,0.0,0.0,0.0,0.0,2.0,1.0
2020-06-23,0.012,1.0,0.46,1.19,0.3,0.0,0.0,0.0,1230.0,20.0,1741.0,52735.0,50.0,0.0,0.0,0.0,0.0,0.0,0.0,33.0,0.25,0.0,0.0,0.0,0.0,0.0,0.0,2.0,1.0
2020-06-24,0.032,1.0,0.42,1.18,0.29,0.0,0.0,0.0,1254.0,20.0,1773.0,53806.0,50.0,0.0,0.0,0.0,0.0,0.0,0.0,24.0,0.125,0.0,0.0,0.0,0.0,0.0,0.0,2.0,1.0
2020-06-25,0.031,1.0,0.42,1.16,0.29,0.0,0.0,0.0,1282.0,20.0,1799.0,54754.0,50.0,0.0,0.0,0.0,0.0,0.0,0.0,28.0,0.0625,0.0,0.0,0.0,0.0,0.0,0.0,2.0,1.0
2020-06-26,0.024,1.0,0.38,1.15,0.28,0.0,0.0,0.0,1326.0,20.0,1822.0,55833.0,50.0,0.0,0.0,0.0,0.0,0.0,0.0,44.0,0.03125,0.0,0.0,0.0,0.0,0.0,0.0,2.0,1.0
2020-06-27,0.025,1.0,0.36,1.14,0.27,0.0,0.0,0.0,1368.0,20.0,1850.0,57118.0,50.0,0.0,0.0,0.0,0.0,0.0,0.0,42.0,0.015625,0.0,0.0,0.0,0.0,0.0,0.0,2.0,1.0
2020-06-28,0.023,1.0,0.33,1.13,0.27,0.0,0.0,0.0,1392.0,20.0,1878.0,58189.0,50.0,0.0,0.0,0.0,0.0,0.0,0.0,24.0,0.0078125,0.0,0.0,0.0,0.0,0.0,0.0,2.0,1.0
2020-06-29,0.025,1.0,0.32,1.12,0.26,0.0,0.0,0.0,1417.0,20.0,1894.0,58649.0,50.0,0.0,0.0,0.0,0.0,0.0,0.0,25.0,0.00390625,0.0,0.0,0.0,0.0,0.0,0.0,2.0,1.0
2020-06-30,0.025,1.0,0.32,1.11,0.25,0.0,0.0,0.0,1450.0,20.0,1904.0,59096.0,50.0,0.0,0.0,0.0,0.0,0.0,0.0,33.0,0.001953125,0.0,0.0,0.0,0.0,0.0,0.0,2.0,1.0
2020-07-01,0.024,1.0,0.3,1.09,0.26,0.0,0.0,0.0,1487.0,20.0,1926.0,60003.0,50.0,0.0,0.0,0.0,0.0,0.0,0.0,37.0,0.0009765625,0.0,0.0,0.0,0.0,0.0,0.0,2.0,1.0
2020-07-02,0.022,1.0,0.3,1.09,0.25,0.0,0.0,0.0,1514.0,20.0,1943.0,61216.0,50.0,0.0,0.0,0.0,0.0,0.0,0.0,27.0,0.00048828125,0.0,0.0,0.0,0.0,0.0,0.0,2.0,1.0
2020-07-03,0.022,1.0,0.31,1.08,0.24,0.0,0.0,0.0,1550.0,20.0,1956.0,61773.0,50.0,0.0,0.0,0.0,0.0,0.0,0.0,36.0,0.000244140625,0.0,0.0,0.0,0.0,0.0,0.0,2.0,1.0
2020-07-04,0.023,1.0,0.33,1.07,0.24,0.0,0.0,0.0,1582.0,20.0,1993.0,63316.0,50.0,0.0,0.0,0.0,0.0,0.0,0.0,32.0,0.0001220703125,0.0,0.0,0.0,0.0,0.0,0.0,2.0,1.0
2020-07-05,0.024,1.0,0.33,1.07,0.24,0.0,0.0,0.0,1606.0,20.0,2025.0,64073.0,50.0,0.0,0.0,0.0,0.0,0.0,0.0,24.0,6.103515625e-05,0.0,0.0,0.0,0.0,0.0,0.0,2.0,1.0
2020-07-06,0.027,1.0,0.32,1.07,0.24,0.0,0.0,0.0,1634.0,20.0,2059.0,64544.0,50.0,0.0,0.0,0.0,0.0,0.0,0.0,28.0,3.0517578125e-05,0.0,0.0,0.0,0.0,0.0,0.0,2.0,1.0
2020-07-07,0.027,1.0,0.31,1.07,0.24,0.0,0.0,0.0,1675.0,20.0,2063.0,64719.0,50.0,0.0,0.0,0.0,0.0,0.0,0.0,41.0,0.5000152587890625,0.0,0.0,0.0,0.0,0.0,0.0,2.0,1.0
2020-07-08,0.031,1.0,0.31,1.07,0.24,0.0,0.0,0.0,1711.0,21.0,2105.0,65579.0,50.0,0.0,0.0,0.0,0.0,0.0,0.0,36.0,1.0,0.0,0.0,0.0,0.0,0.0,0.0,1.0,1.0
2020-07-09,0.03,1.0,0.31,1.07,0.24,0.0,0.0,0.0,1740.0,21.0,2126.0,67093.0,50.0,0.0,0.0,0.0,0.0,0.0,0.0,29.0,0.5,0.0,0.0,0.0,0.0,0.0,0.0,1.0,1.0
2020-07-10,0.031,1.0,0.31,1.07,0.24,0.0,0.0,0.0,1774.0,21.0,2157.0,68080.0,50.0,0.0,0.0,0.0,0.0,0.0,0.0,34.0,0.25,0.0,0.0,0.0,0.0,0.0,0.0,1.0,1.0
2020-07-11,0.035,1.0,0.34,1.08,0.23,0.0,0.0,0.0,1790.0,21.0,2197.0,68951.0,50.0,0.0,0.0,0.0,0.0,0.0,0.0,16.0,0.125,0.0,0.0,0.0,0.0,0.0,0.0,1.0,1.0
2020-07-12,0.033,1.0,0.3,1.08,0.24,0.0,0.0,0.0,1839.0,21.0,2220.0,69756.0,50.0,0.0,0.0,0.0,0.0,0.0,0.0,49.0,0.0625,0.0,0.0,0.0,0.0,0.0,0.0,1.0,1.0
2020-07-13,0.03,1.0,0.31,1.09,0.24,0.0,0.0,0.0,1862.0,21.0,2238.0,70345.0,50.0,0.0,0.0,0.0,0.0,0.0,0.0,23.0,0.03125,0.0,0.0,0.0,0.0,0.0,0.0,1.0,1.0
2020-07-14,0.031,1.0,0.31,1.09,0.24,0.0,0.0,0.0,1903.0,21.0,2257.0,70760.0,50.0,0.0,0.0,0.0,0.0,0.0,0.0,41.0,0.515625,0.0,0.0,0.0,0.0,0.0,0.0,1.0,1.0
2020-07-15,0.029,1.0,0.29,1.1,0.24,0.0,0.0,0.0,1951.0,22.0,2291.0,71725.0,50.0,0.0,0.0,0.0,0.0,0.0,0.0,48.0,1.0,0.0,0.0,0.0,0.0,0.0,0.0,1.0,1.0
2020-07-16,0.038,1.0,0.29,1.1,0.24,0.0,0.0,0.0,1985.0,22.0,2508.0,76857.0,50.0,0.0,0.0,0.0,0.0,0.0,0.0,34.0,1.5,0.0,0.0,0.0,0.0,0.0,0.0,1.0,1.0
2020-07-17,0.038,1.0,0.28,1.1,0.24,0.0,0.0,0.0,2026.0,24.0,2521.0,77208.0,50.0,0.0,0.0,0.0,0.0,0.0,0.0,41.0,2.0,0.0,0.0,0.0,0.0,0.0,0.0,1.0,1.0
2020-07-18,0.034,1.0,0.25,1.1,0.23,0.0,0.0,0.0,2069.0,24.0,2579.0,79710.0,50.0,0.0,0.0,0.0,0.0,0.0,0.0,43.0,1.0,0.0,0.0,0.0,0.0,0.0,0.0,1.0,1.0
2020-07-19,0.034,1.0,0.26,1.1,0.22,0.0,0.0,0.0,2108.0,24.0,2612.0,80797.0,50.0,0.0,0.0,0.0,0.0,0.0,0.0,39.0,0.5,0.0,0.0,0.0,0.0,0.0,0.0,1.0,1.0
2020-07-20,0.036,1.0,0.27,1.1,0.23,0.0,0.0,0.0,2126.0,24.0,2649.0,81457.0,50.0,0.0,0.0,0.0,0.0,0.0,0.0,18.0,0.25,0.0,0.0,0.0,0.0,0.0,0.0,1.0,1.0
2020-07-21,0.036,1.0,0.25,1.09,0.23,0.0,0.0,0.0,2187.0,24.0,2680.0,82018.0,50.0,0.0,0.0,0.0,0.0,0.0,0.0,61.0,0.625,0.0,0.0,0.0,0.0,0.0,0.0,1.0,1.0
2020-07-22,0.037,1.0,0.24,1.09,0.22,0.0,0.0,0.0,2238.0,25.0,2740.0,83519.0,50.0,0.0,0.0,0.0,0.0,0.0,0.0,51.0,1.0,0.0,0.0,0.0,0.0,0.0,0.0,1.0,1.0
2020-07-23,0.033,1.0,0.23,1.08,0.22,0.0,0.0,0.0,2288.0,25.0,2768.0,84527.0,50.0,0.0,0.0,0.0,0.0,0.0,0.0,50.0,0.5,0.0,0.0,0.0,0.0,0.0,0.0,1.0,2.0
2020-07-24,0.033,1.0,0.22,1.07,0.21,0.0,0.0,0.0,2347.0,25.0,2812.0,85611.0,50.0,0.0,0.0,0.0,0.0,0.0,0.0,59.0,0.25,0.0,0.0,0.0,0.0,0.0,0.0,1.0,2.0
2020-07-25,0.041,1.0,0.21,1.05,0.21,0.0,0.0,0.0,2405.0,25.0,2919.0,87749.0,50.0,0.0,0.0,0.0,0.0,0.0,0.0,58.0,0.125,0.0,0.0,0.0,0.0,0.0,0.0,1.0,2.0
2020-07-26,0.042,1.0,0.21,1.04,0.21,0.0,0.0,0.0,2446.0,25.0,2971.0,88961.0,50.0,0.0,0.0,0.0,0.0,0.0,0.0,41.0,0.0625,0.0,0.0,0.0,0.0,0.0,0.0,1.0,2.0
2020-07-27,0.042,1.0,0.2,1.03,0.21,0.0,0.0,0.0,2475.0,25.0,3018.0,89830.0,50.0,0.0,0.0,0.0,0.0,0.0,0.0,29.0,0.03125,0.0,0.0,0.0,0.0,0.0,0.0,1.0,2.0
2020-07-28,0.042,1.0,0.21,1.01,0.2,0.0,0.0,0.0,2520.0,25.0,3018.0,89830.0,50.0,0.0,0.0,0.0,0.0,0.0,0.0,45.0,0.515625,0.0,0.0,0.0,0.0,0.0,0.0,1.0,2.0
2020-07-29,0.043,1.0,0.2,1.0,0.2,0.0,0.0,0.0,2589.0,26.0,3058.0,90532.0,50.0,0.0,0.0,0.0,0.0,0.0,0.0,69.0,1.0,0.0,0.0,0.0,0.0,0.0,0.0,1.0,2.0
2020-07-30,0.044,1.0,0.21,0.98,0.21,0.0,0.0,0.0,2628.0,26.0,3084.0,91451.0,50.0,0.0,0.0,0.0,0.0,0.0,0.0,39.0,0.5,0.0,0.0,0.0,0.0,0.0,0.0,1.0,2.0
2020-07-31,0.045,1.0,0.21,0.97,0.19,0.0,0.0,0.0,2686.0,26.0,3137.0,92565.0,50.0,0.0,0.0,0.0,0.0,0.0,0.0,58.0,0.25,0.0,0.0,0.0,0.0,0.0,0.0,1.0,2.0
2020-08-01,0.043,1.0,0.22,0.96,0.2,0.0,0.0,0.0,2726.0,26.0,3174.0,93404.0,50.0,0.0,0.0,0.0,0.0,0.0,0.0,40.0,0.125,0.0,0.0,0.0,0.0,0.0,0.0,1.0,2.0
2020-08-02,0.039,1.0,0.22,0.95,0.2,0.0,0.0,0.0,2769.0,26.0,3189.0,94296.0,50.0,0.0,0.0,0.0,0.0,0.0,0.0,43.0,0.0625,0.0,0.0,0.0,0.0,0.0,0.0,1.0,2.0
2020-08-03,0.037,1.0,0.21,0.95,0.19,0.0,0.0,0.0,2808.0,26.0,3206.0,94659.0,50.0,0.0,0.0,0.0,0.0,0.0,0.0,39.0,0.53125,0.0,0.0,0.0,0.0,0.0,0.0,1.0,2.0
2020-08-04,0.036,1.0,0.21,0.94,0.19,0.0,0.0,0.0,2848.0,27.0,3223.0,95093.0,50.0,0.0,0.0,0.0,0.0,0.0,0.0,40.0,1.0,0.0,0.0,0.0,0.0,0.0,0.0,1.0,2.0
2020-08-05,0.036,1.0,0.24,0.94,0.19,0.0,0.0,0.0,2884.0,27.0,3256.0,95760.0,50.0,0.0,0.0,0.0,0.0,0.0,0.0,36.0,0.5,0.0,0.0,0.0,0.0,0.0,0.0,1.0,2.0
2020-08-06,0.036,1.0,0.24,0.94,0.2,0.0,0.0,0.0,2923.0,27.0,3267.0,96314.0,50.0,0.0,0.0,0.0,0.0,0.0,0.0,39.0,0.25,0.0,0.0,0.0,0.0,0.0,0.0,1.0,2.0
2020-08-07,0.033,1.0,0.26,0.95,0.2,0.0,0.0,0.0,2958.0,27.0,3293.0,97193.0,50.0,0.0,0.0,0.0,0.0,0.0,0.0,35.0,0.625,0.0,0.0,0.0,0.0,0.0,0.0,1.0,1.0
2020-08-08,0.032,1.0,0.26,0.96,0.2,0.0,0.0,0.0,3000.0,28.0,3334.0,98260.0,50.0,0.0,0.0,0.0,0.0,0.0,0.0,42.0,1.0,0.0,0.0,0.0,0.0,0.0,0.0,1.0,1.0
2020-08-09,0.034,1.0,0.29,0.96,0.21,0.0,0.0,0.0,3013.0,28.0,3356.0,99066.0,50.0,0.0,0.0,0.0,0.0,0.0,0.0,13.0,0.5,0.0,0.0,0.0,0.0,0.0,0.0,1.0,1.0
2020-08-10,0.031,1.0,0.29,0.97,0.21,0.0,0.0,0.0,3050.0,28.0,3364.0,99621.0,50.0,0.0,0.0,0.0,0.0,0.0,0.0,37.0,0.25,0.0,0.0,0.0,0.0,0.0,0.0,1.0,1.0
2020-08-11,0.03,1.0,0.295,0.98,0.23,0.0,0.0,0.0,3042.0,28.0,3372.0,99949.0,50.0,0.0,0.0,0.0,0.0,0.0,0.0,34.0,0.625,0.0,0.0,0.0,0.0,0.0,0.0,1.0,1.0
2020-08-12,0.027,1.0,0.3,0.99,0.23,0.0,0.0,0.0,3073.0,29.0,3387.0,100449.0,50.0,0.0,0.0,0.0,0.0,0.0,0.0,31.0,1.0,0.0,0.0,0.0,0.0,0.0,0.0,1.0,1.0
2020-08-13,0.028,1.0,0.35,1.0,0.24,0.0,0.0,0.0,3086.0,29.0,3406.0,101095.0,50.0,0.0,0.0,0.0,0.0,0.0,0.0,13.0,0.5,0.0,0.0,0.0,0.0,0.0,0.0,1.0,1.0
2020-08-14,0.029,1.0,0.36,1.01,0.24,0.0,0.0,0.0,3119.0,29.0,3419.0,101435.0,50.0,0.0,0.0,0.0,0.0,0.0,0.0,33.0,0.75,0.0,0.0,0.0,0.0,0.0,0.0,1.0,1.0
2020-08-15,0.031,1.0,0.31,1.01,0.25,0.0,0.0,0.0,3183.0,30.0,3454.0,101995.0,50.0,0.0,0.0,0.0,0.0,0.0,0.0,64.0,1.0,0.0,0.0,0.0,0.0,0.0,0.0,1.0,1.0
2020-08-16,0.031,1.0,0.27,1.01,0.24,0.0,0.0,0.0,3227.0,30.0,3454.0,101995.0,50.0,0.0,0.0,0.0,0.0,0.0,0.0,44.0,0.5,0.0,0.0,0.0,0.0,0.0,0.0,1.0,1.0
2020-08-17,0.033,1.0,0.25,1.01,0.23,0.0,0.0,0.0,3286.0,30.0,3454.0,101995.0,50.0,0.0,0.0,0.0,0.0,0.0,0.0,59.0,1.75,0.0,0.0,0.0,0.0,0.0,0.0,1.0,1.0
2020-08-18,0.033,1.0,0.24,1.01,0.23,0.0,0.0,0.0,3331.0,33.0,3491.0,103446.0,50.0,0.0,0.0,0.0,0.0,0.0,0.0,45.0,3.0,0.0,0.0,0.0,0.0,0.0,0.0,1.0,1.0
2020-08-19,0.043,1.0,0.24,1.01,0.23,0.0,0.0,0.0,3360.0,34.0,3614.0,105490.0,50.0,0.0,0.0,0.0,0.0,0.0,0.0,29.0,1.0,0.0,0.0,0.0,0.0,0.0,0.0,1.0,1.0
2020-08-20,0.044,1.0,0.2,1.0,0.22,0.0,0.0,0.0,3430.0,34.0,3653.0,106464.0,50.0,0.0,0.0,0.0,0.0,0.0,0.0,70.0,0.5,0.0,0.0,0.0,0.0,0.0,0.0,1.0,2.0
2020-08-21,0.044,1.0,0.2,0.99,0.21,0.0,0.0,0.0,3468.0,34.0,3754.0,108694.0,50.0,0.0,0.0,0.0,0.0,0.0,0.0,38.0,1.75,0.0,0.0,0.0,0.0,0.0,0.0,1.0,2.0
2020-08-22,0.04,1.0,0.21,0.98,0.21,0.0,0.0,0.0,3524.0,37.0,3781.0,109818.0,50.0,0.0,0.0,0.0,0.0,0.0,0.0,56.0,3.0,0.0,0.0,0.0,0.0,0.0,0.0,1.0,2.0
2020-08-23,0.039,1.0,0.22,0.97,0.21,0.0,0.0,0.0,3543.0,37.0,3781.0,109818.0,50.0,0.0,0.0,0.0,0.0,0.0,0.0,19.0,1.5,0.0,0.0,0.0,0.0,0.0,0.0,1.0,2.0
2020-08-24,0.039,1.0,0.24,0.97,0.21,0.0,0.0,0.0,3579.0,37.0,3864.0,112569.0,50.0,0.0,0.0,0.0,0.0,0.0,0.0,36.0,0.75,0.0,0.0,0.0,0.0,0.0,0.0,1.0,2.0
2020-08-25,0.039,1.0,0.26,0.96,0.2,0.0,0.0,0.0,3603.0,37.0,3866.0,112669.0,50.0,0.0,0.0,0.0,0.0,0.0,0.0,24.0,0.375,0.0,0.0,0.0,0.0,0.0,0.0,1.0,1.0
2020-08-26,0.022,1.0,0.26,0.96,0.2,0.0,0.0,0.0,3634.0,37.0,3922.0,119408.0,50.0,0.0,0.0,0.0,0.0,0.0,0.0,31.0,0.1875,0.0,0.0,0.0,0.0,0.0,0.0,1.0,1.0
2020-08-27,0.017,1.0,0.28,0.95,0.21,0.0,0.0,0.0,3684.0,37.0,3963.0,123911.0,50.0,0.0,0.0,0.0,0.0,0.0,0.0,50.0,0.09375,0.0,0.0,0.0,0.0,0.0,0.0,1.0,1.0
2020-08-28,0.014,1.0,0.28,0.95,0.21,0.0,0.0,0.0,3722.0,37.0,3963.0,124413.0,50.0,0.0,0.0,0.0,0.0,0.0,0.0,38.0,0.046875,0.0,0.0,0.0,0.0,0.0,0.0,1.0,1.0
2020-08-29,0.014,1.0,0.29,0.96,0.21,0.0,0.0,0.0,3763.0,37.0,3996.0,125487.0,50.0,0.0,0.0,0.0,0.0,0.0,0.0,41.0,0.0234375,0.0,0.0,0.0,0.0,0.0,0.0,1.0,1.0
2020-08-30,0.013,1.0,0.29,0.96,0.2,0.0,0.0,0.0,3784.0,37.0,4022.0,126646.0,50.0,0.0,0.0,0.0,0.0,0.0,0.0,21.0,0.01171875,0.0,0.0,0.0,0.0,0.0,0.0,1.0,1.0
2020-08-31,0.011,1.0,0.29,0.97,0.22,0.0,0.0,0.0,3820.0,37.0,4022.0,126959.0,50.0,0.0,0.0,0.0,0.0,0.0,0.0,36.0,0.005859375,0.0,0.0,0.0,0.0,0.0,0.0,1.0,1.0
2020-09-01,0.011,1.0,0.29,0.99,0.22,0.0,0.0,0.0,3842.0,37.0,4032.0,127302.0,50.0,0.0,0.0,0.0,0.0,0.0,0.0,22.0,2.0029296875,0.0,0.0,0.0,0.0,0.0,0.0,1.0,1.0
2020-09-02,0.013,1.0,0.3,1.0,0.22,0.4,0.0,0.0,3866.0,41.0,4036.0,127886.0,50.0,1197.0,445.0,18.0,97.0,39.0,3.0,24.0,4.0,0.0,0.0,0.0,0.0,0.0,0.0,1.0,1.0
2020-09-03,0.017,1.0,0.31,1.02,0.23,0.35,0.0,0.0,3911.0,41.0,4042.0,128439.0,50.0,1310.0,448.0,23.0,105.0,37.0,5.0,45.0,2.0,0.0,0.0,0.0,0.0,0.0,0.0,1.0,1.0
2020-09-04,0.012,1.0,0.32,1.04,0.23,0.4,0.0,0.0,3939.0,41.0,4043.0,129577.0,50.0,1304.0,453.0,28.0,107.0,43.0,5.0,28.0,1.5,0.0,0.0,0.0,0.0,0.0,0.0,1.0,1.0
2020-09-05,0.013,1.0,0.31,1.06,0.23,0.42,0.0,0.0,3989.0,42.0,4069.0,131057.0,50.0,1529.0,583.0,35.0,119.0,50.0,5.0,50.0,1.0,0.0,0.0,0.0,0.0,0.0,0.0,1.0,1.0
2020-09-06,0.009,1.0,0.32,1.09,0.23,0.36,0.0,0.0,4006.0,42.0,4094.0,134672.0,50.0,1529.0,574.0,33.0,121.0,43.0,4.0,17.0,0.5,0.0,0.0,0.0,0.0,0.0,0.0,1.0,1.0
2020-09-07,0.01,1.0,0.33,1.11,0.23,0.36,0.0,0.0,4032.0,42.0,4121.0,136047.0,50.0,1579.0,571.0,31.0,124.0,45.0,4.0,26.0,0.25,0.0,0.0,0.0,0.0,0.0,0.0,1.0,1.0
2020-09-08,0.01,1.0,0.37,1.13,0.22,0.31,0.0,0.0,4032.0,42.0,4121.0,136047.0,50.0,1579.0,567.0,33.0,124.0,38.0,4.0,48.5,0.125,0.0,0.0,0.0,0.0,0.0,0.0,1.0,1.0
2020-09-09,0.01,1.0,0.3,1.16,0.23,0.38,0.0,0.0,4103.0,42.0,4133.0,137516.0,50.0,1490.0,535.0,21.0,117.0,45.0,4.0,71.0,0.0625,0.0,0.0,0.0,0.0,0.0,0.0,1.0,1.0
2020-09-10,0.025,1.0,0.29,1.18,0.23,0.44,0.0,0.0,4151.0,42.0,4428.0,143396.0,50.0,1482.0,524.0,29.0,117.0,52.0,3.0,48.0,0.03125,0.0,0.0,0.0,0.0,0.0,0.0,1.0,1.0
2020-09-11,0.027,1.0,0.27,1.2,0.22,0.44,0.0,0.0,4199.0,42.0,4444.0,144009.0,50.0,1570.0,597.0,29.0,124.0,55.0,4.0,48.0,0.015625,0.0,0.0,0.0,0.0,0.0,0.0,1.0,1.0
2020-09-12,0.028,1.0,0.25,1.22,0.22,0.41,0.0,0.0,4264.0,42.0,4489.0,145577.0,50.0,1579.0,620.0,31.0,126.0,52.0,5.0,65.0,0.0078125,0.0,0.0,0.0,0.0,0.0,0.0,1.0,1.0
2020-09-13,0.032,1.0,0.24,1.23,0.21,0.41,0.0,0.0,4297.0,42.0,4645.0,151274.0,50.0,1579.0,597.0,33.0,124.0,51.0,6.0,33.0,0.00390625,0.0,0.0,0.0,0.0,0.0,0.0,1.0,2.0
2020-09-14,0.033,1.0,0.22,1.25,0.2,0.41,0.0,0.0,4346.0,42.0,4652.0,151474.0,50.0,1573.0,600.0,36.0,125.0,51.0,6.0,49.0,2.001953125,0.0,0.0,0.0,0.0,0.0,0.0,2.0,2.0
2020-09-15,0.035,1.0,0.19,1.26,0.21,0.36,0.0,0.0,4392.0,46.0,4677.0,152141.0,50.0,1578.0,560.0,28.0,126.0,45.0,4.0,46.0,4.0,0.0,0.0,0.0,0.0,0.0,0.0,2.0,2.0
2020-09-16,0.033,1.0,0.21,1.27,0.21,0.36,0.0,0.0,4438.0,46.0,4708.0,154503.0,50.0,1572.0,589.0,33.0,125.0,45.0,5.0,46.0,2.0,0.0,0.0,0.0,0.0,0.0,0.0,2.0,2.0
2020-09-17,0.023,1.0,0.195,1.27,0.2,0.32,0.0,0.0,4566.0,46.0,4719.0,155947.0,50.0,1358.0,466.0,24.0,111.0,36.0,3.0,66.0,2.5,0.0,0.0,0.0,0.0,0.0,0.0,2.0,2.0
2020-09-18,0.027,1.0,0.18,1.28,0.19,0.38,0.0,0.0,4652.0,49.0,4863.0,158903.0,50.0,1578.0,599.0,35.0,125.0,48.0,3.0,86.0,3.0,0.0,0.0,0.0,0.0,0.0,0.0,2.0,2.0
2020-09-19,0.028,2.0,0.17,1.28,0.19,0.34,0.0,0.0,4747.0,49.0,4929.0,160601.0,50.0,1579.0,601.0,35.0,125.0,42.0,4.0,95.0,1.5,0.0,0.0,0.0,0.0,0.0,0.0,2.0,2.0
2020-09-20,0.032,2.0,0.17,1.28,0.18,0.3,0.0,0.0,4780.0,49.0,5022.0,162595.0,50.0,1579.0,601.0,32.0,126.0,38.0,4.0,33.0,0.75,0.0,0.0,0.0,0.0,0.0,0.0,2.0,2.0
2020-09-21,0.032,2.0,0.15,1.27,0.17,0.27,0.0,0.0,4871.0,49.0,5032.0,162835.0,50.0,1579.0,571.0,31.0,126.0,34.0,5.0,91.0,0.375,0.0,0.0,0.0,0.0,0.0,0.0,2.0,2.0
2020-09-22,0.034,2.0,0.14,1.26,0.16,0.35,0.0,0.0,4944.0,49.0,5087.0,163879.0,50.0,1570.0,535.0,47.0,124.0,44.0,6.0,73.0,0.1875,0.0,0.0,0.0,0.0,0.0,0.0,2.0,2.0
2020-09-23,0.033,2.0,0.13,1.26,0.16,0.35,0.0,0.0,5016.0,49.0,5152.0,167643.0,50.0,1570.0,563.0,36.0,124.0,44.0,5.0,72.0,0.59375,0.0,0.0,0.0,0.0,0.0,0.0,2.0,2.0
2020-09-24,0.04,2.0,0.12,1.25,0.15,0.29,0.0,0.0,5169.0,50.0,5297.0,169944.0,50.0,1689.0,669.0,29.0,123.0,36.0,3.0,153.0,1.0,0.0,0.0,0.0,0.0,0.0,0.0,2.0,3.0
2020-09-25,0.037,2.0,0.11,1.24,0.14,0.29,0.0,0.0,5305.0,50.0,5336.0,171245.0,50.0,1685.0,695.0,36.0,123.0,36.0,3.0,136.0,0.5,0.0,0.0,0.0,0.0,0.0,0.0,2.0,3.0
2020-09-26,0.04,2.0,0.1,1.23,0.14,0.31,0.0,0.0,5420.0,50.0,5454.0,173363.0,50.0,1680.0,683.0,41.0,123.0,38.0,5.0,115.0,0.25,0.0,0.0,0.0,0.0,0.0,0.0,2.0,3.0
2020-09-27,0.045,2.0,0.1,1.22,0.13,0.34,0.0,0.0,5465.0,50.0,5630.0,175427.0,50.0,1686.0,672.0,46.0,123.0,42.0,8.0,45.0,0.125,0.0,0.0,0.0,0.0,0.0,0.0,2.0,3.0
2020-09-28,0.046,2.0,0.09,1.21,0.12,0.32,0.0,0.0,5633.0,50.0,5662.0,175759.0,50.0,1686.0,665.0,46.0,123.0,39.0,8.0,168.0,0.0625,0.0,0.0,0.0,0.0,0.0,0.0,2.0,3.0
2020-09-29,0.047,2.0,0.09,1.2,0.12,0.35,0.0,0.0,5754.0,50.0,5738.0,177207.0,50.0,1686.0,594.0,34.0,123.0,43.0,6.0,121.0,0.03125,0.0,0.0,0.0,0.0,0.0,0.0,2.0,3.0
2020-09-30,0.056,2.0,0.09,1.19,0.12,0.33,0.0,0.0,5821.0,50.0,5774.0,178090.0,50.0,1686.0,645.0,46.0,123.0,40.0,7.0,67.0,0.015625,0.0,0.0,0.0,0.0,0.0,0.0,2.0,3.0
2020-10-01,0.057,2.0,0.09,1.18,0.13,0.35,0.0,0.0,5948.0,50.0,5969.0,181042.0,50.0,1686.0,689.0,57.0,123.0,43.0,8.0,127.0,1.5078125,0.0,0.0,0.0,0.0,0.0,0.0,2.0,3.0
2020-10-02,0.058,2.0,0.09,1.18,0.12,0.33,0.0,0.0,6083.0,53.0,5975.0,181548.0,50.0,1686.0,693.0,49.0,123.0,41.0,9.0,135.0,3.0,0.0,0.0,0.0,0.0,0.0,0.0,2.0,3.0
2020-10-03,0.061,2.0,0.09,1.18,0.12,0.39,0.0,0.0,6214.0,53.0,6075.0,182902.0,50.0,1686.0,714.0,45.0,123.0,48.0,9.0,131.0,1.5,0.0,0.0,0.0,0.0,0.0,0.0,2.0,3.0
2020-10-04,0.041,2.0,0.08,1.17,0.12,0.39,0.0,0.0,6365.0,53.0,6253.0,189843.0,50.0,1619.0,670.0,51.0,119.0,46.0,9.0,151.0,0.75,0.0,0.0,0.0,0.0,0.0,0.0,2.0,3.0
2020-10-05,0.041,2.0,0.08,1.17,0.11,0.37,0.0,0.0,6504.0,53.0,6339.0,191551.0,50.0,1618.0,684.0,58.0,119.0,44.0,10.0,139.0,0.375,0.0,0.0,0.0,0.0,0.0,0.0,2.0,3.0
2020-10-06,0.043,2.0,0.08,1.17,0.11,0.39,0.0,0.0,6629.0,53.0,6441.0,192964.0,50.0,1526.0,701.0,63.0,119.0,47.0,12.0,125.0,0.1875,0.0,0.0,0.0,0.0,0.0,0.0,2.0,3.0
2020-10-07,0.044,2.0,0.07,1.17,0.12,0.45,0.0,0.0,6770.0,53.0,6492.0,193842.0,50.0,1565.0,692.0,71.0,119.0,53.0,15.0,141.0,0.09375,0.0,0.0,0.0,0.0,0.0,0.0,2.0,3.0
2020-10-08,0.042,2.0,0.07,1.17,0.12,0.51,0.0,0.0,6899.0,53.0,6616.0,195943.0,50.0,1590.0,744.0,80.0,121.0,62.0,14.0,129.0,0.546875,0.0,0.0,0.0,0.0,0.0,0.0,2.0,3.0
2020-10-09,0.043,2.0,0.07,1.17,0.11,0.45,0.0,0.0,7092.0,54.0,6616.0,195943.0,50.0,1570.0,742.0,74.0,121.0,54.0,13.0,193.0,1.0,0.0,0.0,0.0,0.0,0.0,0.0,2.0,3.0
2020-10-10,0.041,3.0,0.06,1.18,0.11,0.42,0.0,0.0,7335.0,54.0,7027.0,205114.0,50.0,1567.0,736.0,74.0,121.0,51.0,13.0,243.0,0.5,0.0,0.0,0.0,0.0,0.0,0.0,3.0,3.0
2020-10-11,0.049,3.0,0.06,1.18,0.11,0.44,0.0,0.0,7455.0,54.0,7159.0,207471.0,50.0,1567.0,749.0,73.0,121.0,53.0,15.0,120.0,0.25,0.0,0.0,0.0,0.0,0.0,0.0,3.0,3.0
2020-10-12,0.048,3.0,0.06,1.18,0.1,0.39,0.0,0.0,7611.0,54.0,7243.0,209536.0,50.0,1567.0,707.0,73.0,121.0,47.0,12.0,156.0,0.125,0.0,0.0,0.0,0.0,0.0,0.0,3.0,3.0
2020-10-13,0.048,3.0,0.06,1.19,0.1,0.37,0.0,0.0,7802.0,54.0,7309.0,210307.0,50.0,1567.0,673.0,70.0,121.0,45.0,9.0,191.0,1.5625,0.0,0.0,0.0,0.0,0.0,0.0,3.0,3.0
2020-10-14,0.05,3.0,0.06,1.19,0.1,0.45,0.0,0.0,7964.0,57.0,7413.0,211318.0,50.0,1563.0,677.0,71.0,121.0,54.0,13.0,162.0,3.0,0.0,0.0,0.0,0.0,0.0,0.0,3.0,3.0
2020-10-15,0.044,3.0,0.05,1.19,0.11,0.49,0.0,0.0,8177.0,57.0,7626.0,218151.0,50.0,1649.0,754.0,75.0,123.0,60.0,16.0,213.0,1.5,0.0,0.0,0.0,0.0,0.0,0.0,3.0,3.0
2020-10-16,0.048,3.0,0.05,1.2,0.1,0.46,0.0,0.0,8375.0,57.0,7825.0,220239.0,50.0,1650.0,767.0,71.0,123.0,56.0,15.0,198.0,0.75,0.0,0.0,0.0,0.0,0.0,0.0,3.0,3.0
2020-10-17,0.05,3.0,0.05,1.2,0.1,0.38,0.0,0.0,8665.0,57.0,8047.0,224676.0,50.0,1649.0,802.0,77.0,123.0,47.0,14.0,290.0,0.375,0.0,0.0,0.0,0.0,0.0,0.0,3.0,3.0
2020-10-18,0.051,3.0,0.05,1.2,0.1,0.38,0.0,0.0,8816.0,57.0,8236.0,227429.0,50.0,1648.0,769.0,76.0,123.0,47.0,11.0,151.0,0.1875,0.0,0.0,0.0,0.0,0.0,0.0,3.0,3.0
2020-10-19,0.054,3.0,0.05,1.2,0.1,0.41,0.0,0.0,9025.0,57.0,8428.0,230158.0,50.0,1649.0,757.0,76.0,123.0,50.0,12.0,209.0,0.09375,0.0,0.0,0.0,0.0,0.0,0.0,3.0,3.0
2020-10-20,0.054,3.0,0.05,1.2,0.1,0.37,0.0,0.0,9311.0,57.0,8557.0,232026.0,50.0,1589.0,679.0,82.0,123.0,45.0,16.0,286.0,2.046875,0.0,0.0,0.0,0.0,0.0,0.0,3.0,3.0
2020-10-21,0.055,3.0,0.04,1.2,0.1,0.43,0.0,0.0,9526.0,61.0,8669.0,232932.0,50.0,1589.0,687.0,90.0,123.0,53.0,21.0,215.0,4.0,0.0,0.0,0.0,0.0,0.0,0.0,3.0,3.0
2020-10-22,0.072,3.0,0.04,1.2,0.1,0.47,0.0,0.0,9848.0,61.0,8879.0,234214.0,50.0,1656.0,786.0,90.0,123.0,58.0,23.0,322.0,5.5,0.0,0.0,0.0,0.0,0.0,0.0,3.0,3.0
2020-10-23,0.08,3.0,0.04,1.2,0.1,0.43,0.0,0.0,10119.0,68.0,9700.0,241692.0,50.0,1656.0,767.0,95.0,123.0,53.0,18.0,271.0,7.0,0.0,0.0,0.0,0.0,0.0,0.0,3.0,3.0
2020-10-24,0.089,3.0,0.04,1.2,0.1,0.38,0.0,0.0,10545.0,68.0,9951.0,244261.0,50.0,1656.0,752.0,94.0,123.0,47.0,19.0,426.0,3.5,0.0,0.0,0.0,0.0,0.0,0.0,3.0,3.0
2020-10-25,0.083,3.0,0.04,1.2,0.1,0.46,0.0,0.0,10805.0,68.0,10272.0,249856.0,50.0,1640.0,760.0,112.0,123.0,56.0,24.0,260.0,1.75,0.0,0.0,0.0,0.0,0.0,0.0,3.0,3.0
2020-10-26,0.087,3.0,0.03,1.19,0.1,0.45,0.0,0.0,11041.0,68.0,10515.0,252166.0,50.0,1640.0,749.0,116.0,123.0,55.0,26.0,236.0,5.375,0.0,0.0,0.0,0.0,0.0,0.0,3.0,3.0
2020-10-27,0.086,3.0,0.03,1.19,0.1,0.44,0.0,0.0,11477.0,77.0,10697.0,254656.0,50.0,1551.0,676.0,117.0,121.0,53.0,25.0,436.0,9.0,0.0,0.0,0.0,0.0,0.0,0.0,3.0,3.0
2020-10-28,0.088,3.0,0.03,1.19,0.1,0.45,0.0,0.0,11806.0,77.0,10855.0,255709.0,50.0,1554.0,715.0,113.0,121.0,54.0,24.0,329.0,4.5,0.0,0.0,0.0,0.0,0.0,0.0,3.0,3.0
2020-10-29,0.086,3.0,0.03,1.19,0.1,0.48,0.0,0.0,12146.0,77.0,11115.0,257954.0,50.0,1625.0,807.0,107.0,121.0,58.0,27.0,340.0,7.25,0.0,0.0,0.0,0.0,0.0,0.0,3.0,3.0
2020-10-30,0.084,3.0,0.03,1.2,0.1,0.42,0.0,0.0,12507.0,87.0,11357.0,259774.0,50.0,1606.0,801.0,115.0,121.0,51.0,18.0,361.0,10.0,0.0,0.0,0.0,0.0,0.0,0.0,3.0,3.0
2020-10-31,0.083,3.0,0.03,1.2,0.1,0.45,0.0,0.0,13028.0,87.0,11621.0,262827.0,50.0,1635.0,814.0,127.0,121.0,54.0,22.0,521.0,5.0,0.0,0.0,0.0,0.0,0.0,0.0,3.0,3.0
2020-11-01,0.105,3.0,0.03,1.2,0.1,0.44,0.0,0.0,13298.0,87.0,12225.0,266498.0,50.0,1641.0,775.0,119.0,121.0,53.0,22.0,270.0,2.5,0.0,0.0,0.0,0.0,0.0,0.0,3.0,3.0
2020-11-02,0.108,3.0,0.03,1.2,0.1,0.4,0.0,0.0,13723.0,87.0,12459.0,268164.0,50.0,1642.0,720.0,122.0,121.0,49.0,25.0,425.0,1.25,0.0,0.0,0.0,0.0,0.0,0.0,3.0,3.0
2020-11-03,0.119,3.0,0.03,1.21,0.1,0.4,0.0,0.0,14167.0,87.0,12646.0,269067.0,50.0,1603.0,662.0,143.0,128.0,51.0,29.0,444.0,3.625,0.0,0.0,0.0,0.0,0.0,0.0,3.0,3.0
2020-11-04,0.109,3.0,0.02,1.21,0.1,0.42,0.0,0.0,14619.0,93.0,13250.0,275207.0,50.0,1603.0,670.0,140.0,128.0,54.0,25.0,452.0,6.0,0.0,0.0,0.0,0.0,0.0,0.0,3.0,3.0
2020-11-05,0.095,3.0,0.02,1.22,0.1,0.46,0.0,0.0,15044.0,105.0,14122.0,286551.0,50.0,1668.0,826.0,154.0,127.0,59.0,28.0,425.0,12.0,0.0,0.0,0.0,0.0,0.0,0.0,3.0,3.0
2020-11-06,0.096,3.0,0.02,1.22,0.1,0.48,0.0,0.0,15409.0,105.0,14530.0,289488.0,50.0,1668.0,846.0,161.0,132.0,64.0,30.0,365.0,6.0,0.0,0.0,0.0,0.0,0.0,0.0,3.0,3.0
2020-11-07,0.098,3.0,0.025,1.22,0.1,0.51,0.0,0.0,16405.0,105.0,15591.0,299330.0,50.0,1669.0,811.0,166.0,132.0,67.0,33.0,278.5,3.0,0.0,0.0,0.0,0.0,0.0,0.0,3.0,3.0
2020-11-08,0.097,3.0,0.03,1.22,0.1,0.44,0.0,0.0,16597.0,105.0,16467.0,305934.0,50.0,1669.0,800.0,168.0,132.0,58.0,30.0,192.0,6.0,0.0,0.0,0.0,0.0,0.0,0.0,3.0,3.0
2020-11-09,0.097,3.0,0.02,1.21,0.1,0.46,0.0,0.0,17310.0,114.0,17001.0,310324.0,50.0,1668.0,802.0,184.0,132.0,61.0,36.0,713.0,9.0,0.0,0.0,0.0,0.0,0.0,0.0,3.0,3.0
2020-11-10,0.099,5.0,0.02,1.21,0.1,0.49,0.0,0.0,18010.0,114.0,17349.0,311794.0,50.0,1603.0,737.0,191.0,132.0,65.0,35.0,700.0,11.0,0.0,0.0,0.0,0.0,0.0,0.0,5.0,3.0
2020-11-11,0.102,5.0,0.02,1.2,0.1,0.51,0.0,0.0,19242.0,127.0,17963.0,316675.0,50.0,1668.0,830.0,191.0,132.0,67.0,31.0,1232.0,13.0,0.0,0.0,0.0,0.0,0.0,0.0,5.0,3.0
2020-11-12,0.12,5.0,0.02,1.19,0.1,0.5,0.0,0.0,19374.0,127.0,18556.0,319165.0,50.0,1668.0,866.0,201.0,132.0,66.0,29.0,132.0,6.5,0.0,0.0,0.0,0.0,0.0,0.0,5.0,3.0
2020-11-13,0.123,5.0,0.01,1.17,0.1,0.44,0.0,0.0,20479.0,127.0,19085.0,321886.0,50.0,1707.0,861.0,191.0,132.0,58.0,30.0,1105.0,3.25,0.0,0.0,0.0,0.0,0.0,0.0,5.0,3.0
2020-11-14,0.138,5.0,0.01,1.16,0.1,0.52,0.0,0.0,21341.0,127.0,19952.0,326683.0,50.0,1707.0,873.0,202.0,126.0,66.0,34.0,862.0,10.125,0.0,0.0,0.0,0.0,0.0,0.0,5.0,3.0
2020-11-15,0.138,5.0,0.01,1.14,0.1,0.51,0.0,0.0,21881.0,144.0,20677.0,332214.0,50.0,1657.0,836.0,208.0,122.0,62.0,29.0,540.0,17.0,0.0,0.0,0.0,0.0,0.0,0.0,5.0,3.0
2020-11-16,0.137,5.0,0.01,1.12,0.1,0.51,0.0,0.0,22494.0,144.0,21469.0,338492.0,50.0,1657.0,806.0,194.0,120.0,61.0,32.0,613.0,8.5,0.0,0.0,0.0,0.0,0.0,0.0,5.0,3.0
2020-11-17,0.14,5.0,0.01,1.09,0.1,0.52,0.0,0.0,23193.0,144.0,21899.0,339749.0,50.0,1657.0,819.0,189.0,120.0,63.0,32.0,699.0,9.75,0.0,0.0,0.0,0.0,0.0,0.0,5.0,3.0
2020-11-18,0.148,5.0,0.01,1.07,0.1,0.47,0.0,0.0,24453.0,155.0,22632.0,343496.0,50.0,1554.0,789.0,210.0,126.0,59.0,35.0,1260.0,11.0,0.0,0.0,0.0,0.0,0.0,0.0,5.0,3.0
2020-11-19,0.144,5.0,0.01,1.05,0.1,0.49,0.0,0.0,25275.0,155.0,23620.0,349321.0,50.0,1658.0,902.0,223.0,126.0,62.0,40.0,822.0,16.0,0.0,0.0,0.0,0.0,0.0,0.0,5.0,3.0
2020-11-20,0.142,5.0,0.01,1.02,0.1,0.45,0.0,0.0,26169.0,176.0,24346.0,353717.0,50.0,1657.0,875.0,212.0,126.0,57.0,40.0,894.0,21.0,0.0,0.0,0.0,0.0,0.0,0.0,5.0,3.0
2020-11-21,0.139,5.0,0.01,1.0,0.1,0.56,0.0,0.0,27129.0,176.0,25332.0,360071.0,50.0,1663.0,878.0,232.0,126.0,71.0,43.0,960.0,10.5,0.0,0.0,0.0,0.0,0.0,0.0,5.0,3.0
2020-11-22,0.14,5.0,0.01,0.98,0.1,0.57,0.0,0.0,27410.0,176.0,26106.0,365517.0,50.0,1667.0,863.0,242.0,126.0,72.0,43.0,281.0,5.25,0.0,0.0,0.0,0.0,0.0,0.0,5.0,3.0
2020-11-23,0.143,5.0,0.01,0.96,0.1,0.5,0.0,0.0,28169.0,176.0,26810.0,370441.0,50.0,1667.0,836.0,238.0,130.0,65.0,38.0,759.0,15.625,0.0,0.0,0.0,0.0,0.0,0.0,5.0,3.0
2020-11-24,0.138,5.0,0.01,0.94,0.1,0.46,0.0,0.0,29431.0,202.0,27225.0,372950.0,50.0,1563.0,732.0,229.0,130.0,60.0,42.0,1262.0,26.0,0.0,0.0,0.0,0.0,0.0,0.0,5.0,3.0
2020-11-25,0.136,5.0,0.01,0.93,0.1,0.5,0.0,0.0,29959.0,202.0,27696.0,375742.0,50.0,1561.0,745.0,240.0,130.0,65.0,46.0,528.0,19.5,0.0,0.0,0.0,0.0,0.0,0.0,5.0,3.0
2020-11-26,0.136,5.0,0.01,0.91,0.1,0.52,0.0,0.0,30761.0,215.0,28502.0,380273.0,50.0,1667.0,815.0,243.0,126.0,65.0,48.0,802.0,13.0,0.0,0.0,0.0,0.0,0.0,0.0,5.0,3.0
2020-11-27,0.129,5.0,0.02,0.9,0.1,0.48,0.0,0.0,30761.0,215.0,29156.0,386050.0,50.0,1667.0,811.0,231.0,130.0,62.0,51.0,907.0,6.5,0.0,0.0,0.0,0.0,0.0,0.0,5.0,3.0
2020-11-28,0.128,5.0,0.02,0.89,0.1,0.46,0.0,0.0,31773.0,215.0,29404.0,387707.0,50.0,1667.0,769.0,227.0,126.0,58.0,45.0,1012.0,3.25,0.0,0.0,0.0,0.0,0.0,0.0,5.0,3.0
2020-11-29,0.13,5.0,0.02,0.88,0.1,0.47,0.0,0.0,31929.0,215.0,30238.0,393215.0,50.0,1667.0,755.0,229.0,130.0,61.0,44.0,156.0,1.625,0.0,0.0,0.0,0.0,0.0,0.0,5.0,3.0
2020-11-30,0.136,5.0,0.02,0.88,0.1,0.48,0.0,0.0,32489.0,215.0,30657.0,394918.0,50.0,1667.0,788.0,245.0,130.0,63.0,48.0,560.0,0.8125,0.0,0.0,0.0,0.0,0.0,0.0,5.0,3.0
2020-12-01,0.138,5.0,0.02,0.87,0.1,0.53,0.0,0.0,33305.0,215.0,30943.0,396196.0,50.0,1563.0,729.0,254.0,130.0,69.0,53.0,816.0,7.90625,0.0,0.0,0.0,0.0,0.0,0.0,5.0,3.0
2020-12-02,0.139,5.0,0.02,0.86,0.1,0.53,0.0,0.0,33805.0,230.0,31164.0,397173.0,50.0,1567.0,748.0,247.0,130.0,69.0,47.0,500.0,15.0,0.0,0.0,0.0,0.0,0.0,0.0,5.0,3.0
2020-12-03,0.139,5.0,0.02,0.86,0.1,0.59,0.0,0.0,34507.0,230.0,31749.0,400311.0,50.0,1651.0,839.0,247.0,126.0,74.0,48.0,702.0,21.0,0.0,0.0,0.0,0.0,0.0,0.0,5.0,3.0
2020-12-04,0.151,5.0,0.02,0.86,0.1,0.57,0.0,0.0,35078.0,257.0,32295.0,403725.0,50.0,1651.0,839.0,241.0,122.0,69.0,48.0,571.0,27.0,0.0,0.0,0.0,0.0,0.0,0.0,5.0,3.0
2020-12-05,0.146,5.0,0.02,0.85,0.1,0.56,0.0,0.0,35737.0,257.0,32935.0,408427.0,50.0,1654.0,853.0,228.0,125.0,70.0,45.0,659.0,13.5,0.0,0.0,0.0,0.0,0.0,0.0,5.0,3.0
2020-12-06,0.138,5.0,0.02,0.85,0.1,0.55,0.0,0.0,35941.0,257.0,33404.0,412929.0,50.0,1654.0,835.0,226.0,125.0,69.0,44.0,204.0,6.75,0.0,0.0,0.0,0.0,0.0,0.0,5.0,3.0
2020-12-07,0.133,5.0,0.02,0.85,0.1,0.54,0.0,0.0,36317.0,257.0,33748.0,415056.0,50.0,1654.0,810.0,218.0,125.0,67.0,42.0,376.0,14.875,0.0,0.0,0.0,0.0,0.0,0.0,5.0,3.0
2020-12-08,0.131,5.0,0.02,0.85,0.1,0.47,0.0,0.0,36985.0,280.0,33894.0,415757.0,50.0,1609.0,726.0,208.0,136.0,64.0,35.0,668.0,23.0,0.0,0.0,0.0,0.0,0.0,0.0,5.0,3.0
2020-12-09,0.127,5.0,0.02,0.84,0.1,0.5,0.0,0.0,37475.0,280.0,34272.0,418627.0,50.0,1609.0,792.0,215.0,136.0,68.0,42.0,490.0,21.0,0.0,0.0,0.0,0.0,0.0,0.0,5.0,3.0
2020-12-10,0.118,5.0,0.02,0.84,0.1,0.55,0.0,0.0,37885.0,299.0,34467.0,420701.0,50.0,1713.0,882.0,204.0,136.0,75.0,45.0,410.0,19.0,0.0,0.0,0.0,0.0,0.0,0.0,5.0,3.0
2020-12-11,0.108,5.0,0.02,0.84,0.1,0.49,0.0,0.0,38223.0,299.0,34959.0,425836.0,50.0,1713.0,866.0,212.0,137.0,67.0,44.0,338.0,20.5,0.0,0.0,0.0,0.0,0.0,0.0,5.0,3.0
2020-12-12,0.104,5.0,0.02,0.84,0.1,0.42,0.0,0.0,38785.0,321.0,35287.0,428737.0,50.0,1713.0,892.0,196.0,137.0,58.0,35.0,562.0,22.0,0.0,0.0,0.0,0.0,0.0,0.0,5.0,3.0
2020-12-13,0.099,3.0,0.02,0.83,0.1,0.41,0.0,0.0,38907.0,321.0,35715.0,433916.0,50.0,1680.0,832.0,202.0,137.0,56.0,31.0,122.0,11.0,0.0,0.0,0.0,0.0,0.0,0.0,3.0,3.0
2020-12-14,0.096,5.0,0.02,0.83,0.1,0.43,0.0,0.0,39360.0,321.0,35932.0,435698.0,50.0,1714.0,812.0,189.0,137.0,59.0,32.0,453.0,5.5,0.0,0.0,0.0,0.0,0.0,0.0,5.0,3.0
2020-12-15,0.093,3.0,0.03,0.83,0.1,0.39,0.0,0.0,39775.0,321.0,36061.0,436791.0,50.0,1610.0,735.0,180.0,137.0,54.0,28.0,415.0,6.25,0.0,0.0,0.0,0.0,0.0,0.0,3.0,3.0
2020-12-16,0.091,3.0,0.03,0.83,0.1,0.43,0.0,0.0,40064.0,328.0,36170.0,437589.0,50.0,1612.0,785.0,178.0,137.0,59.0,26.0,289.0,7.0,0.0,0.0,0.0,0.0,0.0,0.0,3.0,3.0
2020-12-17,0.094,3.0,0.03,0.83,0.1,0.51,0.0,0.0,40310.0,328.0,36440.0,439699.0,50.0,1717.0,866.0,180.0,137.0,70.0,27.0,246.0,15.0,0.0,0.0,0.0,0.0,0.0,0.0,3.0,3.0
2020-12-18,0.104,3.0,0.03,0.83,0.1,0.42,0.0,0.0,40593.0,351.0,37048.0,443899.0,50.0,1720.0,854.0,174.0,139.0,59.0,24.0,283.0,23.0,0.0,0.0,0.0,0.0,0.0,0.0,3.0,3.0
2020-12-19,0.089,3.0,0.03,0.83,0.1,0.42,0.0,0.0,41359.0,351.0,37369.0,450119.0,50.0,1720.0,859.0,166.0,137.0,58.0,31.0,766.0,11.5,0.0,0.0,0.0,0.0,0.0,0.0,3.0,3.0
2020-12-20,0.083,3.0,0.03,0.83,0.1,0.46,0.0,0.0,41488.0,351.0,37756.0,456364.0,50.0,1720.0,824.0,159.0,132.0,61.0,29.0,129.0,5.75,0.0,0.0,0.0,0.0,0.0,0.0,3.0,3.0
2020-12-21,0.079,3.0,0.03,0.83,0.1,0.43,0.0,0.0,41662.0,351.0,37916.0,458674.0,50.0,1720.0,779.0,163.0,138.0,60.0,31.0,174.0,2.875,0.0,0.0,0.0,0.0,0.0,0.0,3.0,3.0
2020-12-22,0.079,3.0,0.03,0.84,0.1,0.41,0.0,0.0,42118.0,351.0,37998.0,459256.0,50.0,1616.0,703.0,161.0,138.0,57.0,29.0,456.0,12.4375,0.0,0.0,0.0,0.0,0.0,0.0,3.0,3.0
2020-12-23,0.077,3.0,0.03,0.85,0.1,0.47,0.0,0.0,42379.0,373.0,38159.0,461376.0,50.0,1616.0,724.0,154.0,138.0,65.0,27.0,261.0,22.0,0.0,0.0,0.0,0.0,0.0,0.0,3.0,3.0
2020-12-24,0.074,3.0,0.03,0.86,0.1,0.49,0.0,0.0,42664.0,373.0,38356.0,463730.0,50.0,1720.0,851.0,158.0,138.0,67.0,33.0,285.0,11.0,0.0,0.0,0.0,0.0,0.0,0.0,3.0,3.0
2020-12-25,0.057,3.0,0.03,0.87,0.1,0.45,0.0,0.0,42664.0,373.0,38614.0,469949.0,50.0,1720.0,793.0,149.0,138.0,62.0,36.0,142.5,5.5,0.0,0.0,0.0,0.0,0.0,0.0,3.0,3.0
2020-12-26,0.06,3.0,0.05,0.88,0.1,0.38,0.0,0.0,42664.0,373.0,38779.0,472135.0,50.0,1720.0,674.0,122.0,138.0,53.0,31.0,312.25,2.75,0.0,0.0,0.0,0.0,0.0,0.0,3.0,3.0
2020-12-27,0.064,3.0,0.04,0.9,0.1,0.36,0.0,0.0,43146.0,373.0,39003.0,474690.0,50.0,1720.0,667.0,120.0,138.0,50.0,31.0,482.0,1.375,0.0,0.0,0.0,0.0,0.0,0.0,3.0,3.0
2020-12-28,0.066,3.0,0.05,0.92,0.1,0.4,0.0,0.0,43200.0,373.0,39153.0,476314.0,50.0,1720.0,683.0,121.0,138.0,55.0,32.0,54.0,16.6875,0.0,0.0,0.0,0.0,0.0,0.0,3.0,3.0
2020-12-29,0.062,3.0,0.04,0.94,0.1,0.39,0.0,0.0,43704.0,405.0,39217.0,477598.0,50.0,1613.0,622.0,128.0,138.0,54.0,33.0,504.0,32.0,0.0,0.0,0.0,0.0,0.0,0.0,3.0,3.0
2020-12-30,0.061,3.0,0.05,0.95,0.1,0.38,0.0,0.0,43923.0,405.0,39293.0,478833.0,50.0,1617.0,701.0,142.0,138.0,52.0,28.0,219.0,16.0,0.0,0.0,0.0,0.0,0.0,0.0,3.0,3.0
2020-12-31,0.058,3.0,0.05,0.97,0.1,0.41,0.0,0.0,44133.0,405.0,39504.0,482294.0,50.0,1721.0,829.0,125.0,138.0,56.0,25.0,210.0,24.5,0.0,0.0,0.0,0.0,0.0,0.0,3.0,3.0
2021-01-01,0.067,3.0,0.04,0.99,0.1,0.36,0.0,0.0,44409.0,438.0,39744.0,485775.0,50.0,1736.0,790.0,109.0,138.0,49.0,23.0,276.0,33.0,0.0,0.0,0.0,0.0,0.0,0.0,3.0,3.0
2021-01-02,0.057,3.0,0.04,1.01,0.1,0.39,0.0,0.0,44409.0,438.0,40107.0,494057.0,50.0,1737.0,756.0,105.0,138.0,54.0,24.0,220.0,16.5,0.0,0.0,0.0,0.0,0.0,0.0,3.0,3.0
2021-01-03,0.057,3.0,0.05,1.03,0.1,0.36,0.0,0.0,44573.0,438.0,40262.0,495699.0,50.0,1736.0,729.0,110.0,138.0,49.0,26.0,164.0,8.25,0.0,0.0,0.0,0.0,0.0,0.0,3.0,3.0
2021-01-04,0.057,3.0,0.04,1.04,0.12,0.34,0.0,0.0,44875.0,438.0,40395.0,496763.0,50.0,1697.0,751.0,121.0,138.0,47.0,24.0,302.0,4.125,0.0,0.0,0.0,0.0,0.0,0.0,3.0,3.0
2021-01-05,0.058,3.0,0.05,1.05,0.11,0.38,0.0,0.0,45247.0,438.0,40444.0,497452.0,50.0,1632.0,699.0,129.0,138.0,53.0,23.0,372.0,15.0625,0.0,0.0,0.0,0.0,0.0,0.0,3.0,3.0
2021-01-06,0.06,3.0,0.04,1.06,0.11,0.4,0.0,0.0,45569.0,464.0,40549.0,498607.0,50.0,1632.0,723.0,125.0,137.0,55.0,25.0,322.0,26.0,0.0,0.0,0.0,0.0,0.0,0.0,3.0,3.0
2021-01-07,0.062,3.0,0.04,1.06,0.11,0.47,0.0,0.0,45890.0,464.0,40759.0,501371.0,50.0,1736.0,838.0,120.0,138.0,65.0,25.0,321.0,25.5,0.0,0.0,0.0,0.0,0.0,0.0,3.0,3.0
2021-01-08,0.061,3.0,0.04,1.06,0.1,0.47,0.0,0.0,46168.0,489.0,40963.0,504661.0,50.0,1704.0,831.0,127.0,138.0,65.0,26.0,278.0,25.0,0.0,0.0,0.0,0.0,0.0,0.0,3.0,3.0
2021-01-09,0.077,3.0,0.03,1.05,0.1,0.41,0.0,0.0,46647.0,489.0,41208.0,507311.0,50.0,1732.0,824.0,116.0,138.0,57.0,20.0,479.0,12.5,0.0,0.0,0.0,0.0,0.0,0.0,3.0,3.0
2021-01-10,0.074,3.0,0.03,1.04,0.1,0.38,0.0,0.0,46719.0,489.0,41388.0,509864.0,50.0,1733.0,796.0,110.0,138.0,53.0,19.0,72.0,6.25,0.0,0.0,0.0,0.0,0.0,0.0,3.0,3.0
2021-01-11,0.072,3.0,0.04,1.03,0.1,0.38,0.0,0.0,46832.0,489.0,41543.0,511629.0,50.0,1732.0,773.0,96.0,138.0,52.0,18.0,113.0,3.125,0.0,0.0,0.0,0.0,0.0,0.0,3.0,3.0
2021-01-12,0.073,3.0,0.03,1.01,0.1,0.32,0.0,0.0,47395.0,489.0,41674.0,513026.0,50.0,1602.0,708.0,105.0,138.0,44.0,13.0,563.0,18.0625,0.0,0.0,0.0,0.0,0.0,0.0,3.0,3.0
2021-01-13,0.073,3.0,0.03,0.99,0.1,0.38,0.0,0.0,48072.0,522.0,41741.0,513787.0,50.0,1632.0,752.0,116.0,138.0,52.0,19.0,677.0,33.0,0.0,0.0,0.0,0.0,0.0,0.0,3.0,3.0
2021-01-14,0.071,3.0,0.03,0.97,0.1,0.33,0.0,0.0,48289.0,522.0,41911.0,516484.0,50.0,1736.0,832.0,95.0,138.0,45.0,12.0,217.0,16.5,0.0,0.0,0.0,0.0,0.0,0.0,3.0,3.0
2021-01-15,0.068,3.0,0.03,0.95,0.1,0.39,0.03,0.004,48701.0,522.0,42031.0,519308.0,50.0,1736.0,851.0,98.0,137.0,53.0,10.0,412.0,8.25,0.0,0.0,58775.0,17310.0,2456.0,19776.0,3.0,3.0
2021-01-16,0.086,3.0,0.03,0.93,0.1,0.3,0.034,0.005,48909.0,522.0,42973.0,526181.0,50.0,1736.0,800.0,94.0,137.0,41.0,11.0,208.0,4.125,0.0,0.0,58775.0,19931.0,2803.0,22745.0,3.0,3.0
2021-01-17,0.088,3.0,0.03,0.9,0.1,0.31,0.0,0.0,49068.0,522.0,43166.0,528331.0,50.0,1733.0,778.0,88.0,137.0,42.0,13.0,159.0,2.0625,0.0,0.0,0.0,0.0,0.0,0.0,3.0,3.0
2021-01-18,0.088,3.0,0.03,0.88,0.1,0.28,0.0,0.0,49363.0,522.0,43368.0,530607.0,50.0,1732.0,724.0,95.0,137.0,39.0,14.0,295.0,1.03125,0.0,0.0,0.0,0.0,0.0,0.0,3.0,3.0
2021-01-19,0.087,3.0,0.03,0.86,0.1,0.39,0.0,0.0,49708.0,522.0,43506.0,532203.0,50.0,1628.0,679.0,108.0,137.0,53.0,15.0,345.0,14.515625,0.0,0.0,0.0,0.0,0.0,0.0,3.0,3.0
2021-01-20,0.087,3.0,0.04,0.84,0.1,0.43,0.043,0.006,49922.0,550.0,43585.0,533185.0,50.0,1635.0,722.0,104.0,138.0,60.0,15.0,214.0,28.0,0.0,0.0,58775.0,24788.0,3242.0,28057.0,3.0,3.0
2021-01-21,0.082,3.0,0.04,0.82,0.1,0.41,0.045,0.006,50124.0,550.0,43779.0,537404.0,50.0,1739.0,827.0,91.0,138.0,57.0,16.0,202.0,14.0,0.0,0.0,62575.0,25841.0,3441.0,29309.0,3.0,3.0
2021-01-22,0.085,3.0,0.04,0.81,0.1,0.38,0.045,0.006,50424.0,550.0,44055.0,541023.0,50.0,1739.0,824.0,100.0,138.0,53.0,16.0,300.0,17.5,0.0,0.0,67450.0,25841.0,3441.0,29309.0,3.0,3.0
2021-01-23,0.064,3.0,0.04,0.79,0.1,0.36,0.052,0.008,50583.0,571.0,44223.0,544511.0,50.0,1737.0,801.0,87.0,138.0,50.0,15.0,159.0,21.0,0.0,0.0,69650.0,29993.0,4515.0,34547.0,3.0,3.0
2021-01-24,0.061,3.0,0.05,0.78,0.1,0.34,0.057,0.008,50583.0,571.0,44374.0,546983.0,50.0,1733.0,791.0,76.0,138.0,47.0,14.0,237.0,10.5,0.0,0.0,70750.0,32746.0,4773.0,37559.0,3.0,3.0
2021-01-25,0.06,3.0,0.05,0.77,0.1,0.33,0.062,0.008,50898.0,571.0,44552.0,549291.0,50.0,1737.0,756.0,69.0,138.0,46.0,14.0,315.0,5.25,0.0,0.0,70750.0,35868.0,4895.0,40803.0,3.0,3.0
2021-01-26,0.068,3.0,0.05,0.77,0.1,0.31,0.063,0.008,51062.0,571.0,44805.0,550031.0,50.0,1629.0,648.0,70.0,138.0,43.0,16.0,164.0,15.125,0.0,0.0,70750.0,36215.0,4900.0,41156.0,3.0,3.0
2021-01-27,0.067,3.0,0.06,0.76,0.1,0.37,0.063,0.008,51152.0,596.0,44869.0,551123.0,50.0,1666.0,663.0,82.0,140.0,52.0,17.0,90.0,25.0,0.0,0.0,71725.0,36398.0,4900.0,41339.0,3.0,3.0
2021-01-28,0.065,3.0,0.06,0.76,0.1,0.4,0.066,0.009,51368.0,596.0,44990.0,554731.0,50.0,1769.0,793.0,81.0,139.0,55.0,17.0,216.0,12.5,0.0,0.0,82825.0,37963.0,5419.0,43425.0,3.0,3.0
2021-01-29,0.062,2.0,0.07,0.76,0.1,0.39,0.066,0.009,51430.0,596.0,45139.0,557355.0,50.0,1769.0,782.0,73.0,140.0,55.0,16.0,62.0,6.25,0.0,0.0,82825.0,37963.0,5419.0,43425.0,2.0,3.0
2021-01-30,0.062,3.0,0.06,0.76,0.1,0.41,0.072,0.013,51690.0,596.0,45299.0,560782.0,50.0,1762.0,755.0,66.0,140.0,57.0,14.0,260.0,3.125,0.0,0.0,85750.0,41441.0,7674.0,49166.0,3.0,3.0
2021-01-31,0.061,3.0,0.06,0.76,0.11,0.35,0.072,0.013,51704.0,596.0,45448.0,563445.0,50.0,1766.0,726.0,66.0,140.0,49.0,14.0,14.0,1.5625,0.0,0.0,85750.0,41441.0,7674.0,49166.0,3.0,3.0
2021-02-01,0.059,2.0,0.07,0.76,0.11,0.33,0.082,0.016,51912.0,596.0,45540.0,564952.0,50.0,1764.0,684.0,65.0,140.0,46.0,13.0,208.0,0.78125,0.0,0.0,85750.0,47639.0,9321.0,57023.0,2.0,3.0
2021-02-02,0.047,2.0,0.07,0.76,0.11,0.35,0.083,0.017,52057.0,596.0,45588.0,565863.0,50.0,1662.0,612.0,59.0,140.0,49.0,12.0,145.0,14.390625,0.0,0.0,85750.0,48155.0,9651.0,58721.0,2.0,3.0
2021-02-03,0.046,2.0,0.07,0.76,0.12,0.32,0.083,0.017,52128.0,624.0,45626.0,566704.0,50.0,1663.0,668.0,63.0,142.0,45.0,11.0,71.0,28.0,0.0,0.0,89450.0,48255.0,9848.0,59018.0,2.0,3.0
2021-02-04,0.046,2.0,0.08,0.76,0.11,0.31,0.085,0.018,52288.0,624.0,45708.0,569693.0,50.0,1766.0,776.0,54.0,142.0,44.0,6.0,160.0,14.0,0.0,0.0,97750.0,49361.0,10495.0,60775.0,2.0,3.0
2021-02-05,0.041,3.0,0.07,0.77,0.11,0.29,0.085,0.018,52468.0,624.0,45799.0,572663.0,50.0,1734.0,739.0,56.0,136.0,39.0,7.0,180.0,7.0,0.0,0.0,97750.0,49361.0,10495.0,60775.0,3.0,3.0
2021-02-06,0.038,2.0,0.08,0.78,0.11,0.35,0.093,0.022,52576.0,624.0,45892.0,575856.0,50.0,1732.0,747.0,53.0,136.0,47.0,8.0,108.0,3.5,0.0,0.0,101650.0,53630.0,12852.0,67417.0,2.0,3.0
2021-02-07,0.033,2.0,0.08,0.78,0.1,0.33,0.097,0.026,52618.0,624.0,45977.0,578863.0,50.0,1734.0,719.0,51.0,136.0,45.0,7.0,42.0,1.75,0.0,0.0,101650.0,56076.0,14835.0,71858.0,2.0,3.0
2021-02-08,0.032,2.0,0.1,0.79,0.11,0.33,0.097,0.026,52627.0,624.0,46054.0,580273.0,50.0,1734.0,722.0,42.0,136.0,45.0,6.0,9.0,0.875,0.0,0.0,101650.0,56076.0,14835.0,71858.0,2.0,3.0
2021-02-09,0.033,2.0,0.1,0.81,0.1,0.29,0.0995,0.0275,52784.0,624.0,46108.0,580989.0,50.0,1630.0,640.0,51.0,136.0,40.0,6.0,157.0,11.9375,0.0,0.0,107412.5,57425.5,15782.0,74157.5,2.0,3.0
2021-02-10,0.033,2.0,0.1,0.82,0.12,0.33,0.102,0.029,52830.0,647.0,46132.0,581564.0,50.0,1630.0,653.0,54.0,136.0,45.0,7.0,46.0,23.0,0.0,0.0,113175.0,58775.0,16729.0,76457.0,2.0,3.0
2021-02-11,0.037,2.0,0.12,0.84,0.12,0.4,0.106,0.031,52874.0,647.0,46272.0,584554.0,50.0,1734.0,768.0,61.0,136.0,54.0,11.0,44.0,11.5,0.0,0.0,117475.0,61170.0,18180.0,79515.0,2.0,3.0
2021-02-12,0.036,2.0,0.14,0.85,0.12,0.39,0.106,0.031,52979.0,647.0,46350.0,587503.0,50.0,1734.0,792.0,52.0,136.0,53.0,7.0,105.0,5.75,0.0,0.0,118875.0,61170.0,18180.0,79515.0,2.0,2.0
2021-02-13,0.037,2.0,0.14,0.87,0.13,0.4,0.114,0.04,53086.0,647.0,46415.0,589533.0,50.0,1734.0,801.0,51.0,136.0,54.0,8.0,107.0,2.875,0.0,0.0,122000.0,65857.0,23032.0,89138.0,2.0,2.0
2021-02-14,0.039,2.0,0.15,0.89,0.14,0.37,0.114,0.04,53086.0,647.0,46463.0,590883.0,50.0,1734.0,722.0,48.0,136.0,50.0,9.0,78.5,1.4375,0.0,0.0,122000.0,65857.0,23032.0,89138.0,2.0,2.0
2021-02-15,0.039,2.0,0.14,0.91,0.14,0.39,0.124,0.047,53136.0,647.0,46528.0,592002.0,50.0,1734.0,694.0,47.0,136.0,53.0,7.0,50.0,0.71875,0.0,0.0,122200.0,71653.0,27132.0,99099.0,2.0,2.0
2021-02-16,0.038,1.0,0.2,0.92,0.15,0.41,0.1245,0.0475,53136.0,647.0,46550.0,592322.0,50.0,1630.0,599.0,45.0,133.0,54.0,6.0,132.5,7.859375,0.0,0.0,122200.0,71996.0,27331.5,99642.5,1.0,2.0
2021-02-17,0.037,2.0,0.13,0.94,0.17,0.34,0.125,0.048,53351.0,662.0,46580.0,593066.0,50.0,1630.0,663.0,41.0,139.0,47.0,8.0,215.0,15.0,0.0,0.0,122200.0,72339.0,27531.0,100186.0,2.0,2.0
2021-02-18,0.038,2.0,0.12,0.95,0.18,0.4,0.125,0.048,53450.0,662.0,46651.0,594173.0,50.0,1734.0,753.0,44.0,138.0,55.0,6.0,99.0,7.5,0.0,0.0,127075.0,72339.0,27531.0,100186.0,2.0,2.0
2021-02-19,0.041,2.0,0.13,0.96,0.17,0.42,0.13,0.052,53531.0,662.0,46715.0,595970.0,50.0,1734.0,763.0,47.0,138.0,58.0,8.0,81.0,3.75,0.0,0.0,127075.0,74983.0,30110.0,105426.0,2.0,2.0
2021-02-20,0.045,2.0,0.12,0.97,0.17,0.38,0.151,0.063,53683.0,662.0,46813.0,598034.0,50.0,1732.0,781.0,41.0,139.0,53.0,11.0,152.0,1.875,0.0,0.0,150005.0,87289.0,36651.0,124310.0,2.0,3.0
2021-02-21,0.047,2.0,0.12,0.97,0.16,0.27,0.154,0.068,53683.0,662.0,46881.0,599430.0,50.0,1736.0,733.0,36.0,139.0,37.0,7.0,132.0,0.9375,0.0,0.0,150905.0,89346.0,39323.0,129060.0,2.0,3.0
2021-02-22,0.047,2.0,0.11,0.97,0.16,0.29,0.155,0.068,53795.0,662.0,46936.0,600309.0,50.0,1736.0,718.0,32.0,139.0,40.0,8.0,112.0,0.46875,0.0,0.0,150905.0,89605.0,39474.0,129470.0,2.0,3.0
2021-02-23,0.046,2.0,0.09,0.97,0.15,0.22,0.157,0.074,53900.0,662.0,46956.0,600769.0,50.0,1632.0,615.0,26.0,139.0,31.0,6.0,105.0,4.734375,0.0,0.0,150905.0,90847.0,42685.0,135635.0,2.0,3.0
2021-02-24,0.042,2.0,0.12,0.96,0.16,0.33,0.157,0.074,53944.0,671.0,47027.0,603238.0,50.0,1632.0,694.0,32.0,138.0,46.0,7.0,44.0,9.0,0.0,0.0,167025.0,91063.0,42996.0,136163.0,2.0,3.0
2021-02-25,0.039,2.0,0.13,0.95,0.15,0.33,0.158,0.075,53988.0,671.0,47137.0,606135.0,50.0,1736.0,800.0,33.0,138.0,45.0,8.0,44.0,4.5,0.0,0.0,172465.0,91162.0,43164.0,136366.0,2.0,2.0
2021-02-26,0.036,2.0,0.1,0.94,0.15,0.32,0.161,0.08,54202.0,671.0,47201.0,608834.0,50.0,1736.0,784.0,28.0,138.0,44.0,7.0,214.0,2.25,0.0,0.0,183065.0,93220.0,46240.0,141545.0,2.0,3.0
2021-02-27,0.034,2.0,0.1,0.93,0.13,0.33,0.164,0.084,54350.0,671.0,47263.0,610871.0,50.0,1736.0,734.0,34.0,136.0,45.0,8.0,148.0,1.125,0.0,0.0,194055.0,95024.0,48449.0,145577.0,2.0,3.0
2021-02-28,0.032,2.0,0.1,0.92,0.13,0.31,0.168,0.09,54350.0,671.0,47305.0,612231.0,50.0,1736.0,729.0,36.0,136.0,42.0,8.0,96.0,0.5625,0.0,0.0,195855.0,97414.0,51976.0,151584.0,2.0,3.0
2021-03-01,0.031,2.0,0.12,0.91,0.13,0.24,0.173,0.094,54394.0,671.0,47337.0,613030.0,50.0,1705.0,727.0,33.0,137.0,33.0,6.0,44.0,0.28125,0.0,0.0,195855.0,99849.0,54368.0,156397.0,2.0,3.0
2021-03-02,0.03,2.0,0.12,0.91,0.13,0.31,0.173,0.094,54471.0,671.0,47358.0,613661.0,50.0,1632.0,612.0,34.0,137.0,43.0,9.0,77.0,5.640625,0.0,0.0,195855.0,99880.0,54518.0,156741.0,2.0,2.0
2021-03-03,0.03,2.0,0.12,0.9,0.14,0.29,0.173,0.094,54527.0,682.0,47377.0,614370.0,50.0,1632.0,655.0,36.0,138.0,40.0,8.0,56.0,11.0,0.0,0.0,211415.0,99916.0,54562.0,156776.0,2.0,3.0
2021-03-04,0.029,2.0,0.11,0.89,0.14,0.33,0.179,0.099,54616.0,682.0,47469.0,617080.0,50.0,1736.0,768.0,29.0,138.0,45.0,8.0,89.0,5.5,0.0,0.0,217215.0,103398.0,57093.0,162918.0,2.0,3.0
2021-03-05,0.027,2.0,0.14,0.89,0.14,0.31,0.179,0.099,54685.0,682.0,47504.0,619671.0,50.0,1734.0,804.0,29.0,137.0,43.0,6.0,69.0,2.75,0.0,0.0,224885.0,103497.0,57249.0,163194.0,2.0,2.0
2021-03-06,0.026,2.0,0.17,0.89,0.14,0.28,0.181,0.102,54764.0,682.0,47574.0,622735.0,50.0,1734.0,804.0,27.0,137.0,39.0,5.0,79.0,1.375,0.0,0.0,236065.0,104955.0,59185.0,166712.0,2.0,2.0
2021-03-07,0.026,2.0,0.17,0.9,0.16,0.26,0.191,0.111,54764.0,682.0,47600.0,623490.0,50.0,1734.0,738.0,25.0,137.0,35.0,5.0,39.5,0.6875,0.0,0.0,236065.0,110594.0,64192.0,177496.0,2.0,2.0
2021-03-08,0.025,1.0,0.19,0.9,0.14,0.33,0.192,0.111,54764.0,682.0,47619.0,624081.0,50.0,1734.0,715.0,31.0,137.0,45.0,8.0,89.25,0.34375,0.0,0.0,236065.0,110971.0,64499.0,178035.0,1.0,2.0
2021-03-09,0.026,2.0,0.16,0.91,0.15,0.34,0.198,0.118,54903.0,682.0,47647.0,624650.0,50.0,1630.0,648.0,26.0,138.0,47.0,6.0,139.0,4.671875,0.0,0.0,236065.0,114824.0,68219.0,185580.0,2.0,2.0
2021-03-10,0.026,2.0,0.16,0.92,0.17,0.33,0.199,0.118,54972.0,691.0,47671.0,625432.0,50.0,1630.0,714.0,28.0,138.0,45.0,9.0,69.0,9.0,0.0,0.0,246125.0,115046.0,68289.0,185813.0,2.0,2.0
2021-03-11,0.026,1.0,0.18,0.93,0.18,0.31,0.202,0.123,55014.0,691.0,47838.0,630693.0,50.0,1734.0,798.0,24.0,138.0,43.0,7.0,42.0,4.5,0.0,0.0,259495.0,116799.0,70919.0,190180.0,1.0,2.0
2021-03-12,0.027,2.0,0.16,0.94,0.17,0.31,0.202,0.123,55112.0,691.0,47928.0,635182.0,50.0,1734.0,774.0,17.0,138.0,43.0,5.0,98.0,2.25,0.0,0.0,262995.0,116948.0,71215.0,190570.0,2.0,2.0
2021-03-13,0.027,1.0,0.18,0.95,0.16,0.26,0.21,0.13,55163.0,691.0,48004.0,638102.0,50.0,1734.0,765.0,26.0,138.0,36.0,6.0,51.0,1.125,0.0,0.0,270015.0,121792.0,75057.0,199232.0,1.0,2.0
2021-03-14,0.028,1.0,0.18,0.96,0.17,0.29,0.217,0.135,55163.0,691.0,48043.0,639038.0,50.0,1646.0,665.0,14.0,133.0,38.0,5.0,25.5,0.5625,0.0,0.0,270015.0,125878.0,78002.0,206091.0,1.0,2.0
2021-03-15,0.029,1.0,0.18,0.97,0.18,0.29,0.223,0.139,55163.0,691.0,48081.0,639805.0,50.0,1642.0,663.0,17.0,133.0,39.0,5.0,94.75,0.28125,0.0,0.0,270015.0,129196.0,80582.0,211910.0,1.0,2.0
2021-03-16,0.028,2.0,0.17,0.98,0.18,0.32,0.223,0.14,55327.0,691.0,48131.0,641459.0,50.0,1627.0,606.0,27.0,139.0,44.0,6.0,164.0,1.140625,0.0,0.0,270015.0,129287.0,81121.0,212499.0,2.0,2.0
2021-03-17,0.028,1.0,0.18,0.99,0.18,0.37,0.225,0.141,55352.0,693.0,48148.0,642087.0,50.0,1625.0,653.0,25.0,139.0,51.0,8.0,25.0,2.0,0.0,0.0,270015.0,130020.0,81809.0,213969.0,1.0,2.0
2021-03-18,0.029,2.0,0.16,1.0,0.19,0.33,0.225,0.141,55449.0,693.0,48256.0,644799.0,50.0,1731.0,721.0,26.0,138.0,46.0,9.0,97.0,1.0,0.0,0.0,278515.0,130099.0,81856.0,214015.0,2.0,2.0
2021-03-19,0.043,1.0,0.19,1.0,0.17,0.32,0.225,0.142,55479.0,693.0,48646.0,651271.0,50.0,1733.0,758.0,27.0,138.0,44.0,7.0,30.0,0.5,0.0,0.0,300485.0,130178.0,81924.0,214050.0,1.0,2.0
2021-03-20,0.045,2.0,0.17,1.01,0.17,0.32,0.232,0.147,55581.0,693.0,48707.0,653006.0,50.0,1733.0,728.0,22.0,139.0,45.0,5.0,102.0,0.25,0.0,0.0,311575.0,134295.0,84990.0,220735.0,2.0,2.0
2021-03-21,0.045,2.0,0.17,1.01,0.18,0.35,0.232,0.147,55581.0,693.0,48747.0,653906.0,50.0,1733.0,716.0,21.0,139.0,49.0,6.0,51.0,0.125,0.0,0.0,314015.0,134422.0,85286.0,220993.0,2.0,2.0
2021-03-22,0.044,2.0,0.17,1.01,0.18,0.31,0.233,0.148,55581.0,693.0,48783.0,654948.0,50.0,1644.0,674.0,21.0,133.0,41.0,8.0,100.0,0.0625,0.0,0.0,314015.0,134703.0,85508.0,221336.0,2.0,2.0
2021-03-23,0.046,1.0,0.17,1.01,0.18,0.26,0.233,0.148,55730.0,693.0,48830.0,655961.0,50.0,1540.0,594.0,18.0,133.0,34.0,4.0,149.0,1.03125,0.0,0.0,314015.0,134800.0,85556.0,221452.0,1.0,2.0
2021-03-24,0.048,2.0,0.16,1.01,0.19,0.27,0.245,0.159,55799.0,695.0,48873.0,656514.0,50.0,1629.0,676.0,34.0,139.0,37.0,7.0,69.0,2.0,0.0,0.0,324875.0,142012.0,92303.0,235171.0,2.0,2.0
2021-03-25,0.047,2.0,0.16,1.0,0.19,0.29,0.246,0.16,55887.0,695.0,48968.0,659376.0,50.0,1733.0,780.0,28.0,139.0,41.0,7.0,88.0,1.0,0.0,0.0,336475.0,142147.0,92428.0,235424.0,2.0,2.0
2021-03-26,0.036,2.0,0.16,1.0,0.17,0.3,0.253,0.165,55920.0,695.0,49043.0,661921.0,50.0,1733.0,789.0,24.0,139.0,42.0,8.0,33.0,0.5,0.0,0.0,350735.0,146634.0,95709.0,242919.0,2.0,2.0
2021-03-27,0.036,2.0,0.15,1.0,0.16,0.3,0.254,0.166,56046.0,695.0,49102.0,663578.0,50.0,1735.0,767.0,32.0,138.0,42.0,7.0,126.0,0.25,0.0,0.0,351435.0,146888.0,95871.0,243336.0,2.0,2.0
2021-03-28,0.038,2.0,0.15,1.0,0.16,0.3,0.254,0.166,56046.0,695.0,49152.0,664245.0,50.0,1735.0,734.0,17.0,138.0,42.0,7.0,63.0,0.125,0.0,0.0,353975.0,147098.0,96104.0,243604.0,2.0,2.0
2021-03-29,0.038,2.0,0.15,0.99,0.17,0.33,0.255,0.167,56046.0,695.0,49189.0,665194.0,50.0,1735.0,696.0,20.0,138.0,45.0,8.0,103.5,0.0625,0.0,0.0,353975.0,147413.0,96398.0,244038.0,2.0,2.0
2021-03-30,0.038,2.0,0.15,0.99,0.16,0.28,0.271,0.181,56190.0,695.0,49242.0,666335.0,50.0,1610.0,622.0,20.0,137.0,39.0,4.0,144.0,0.03125,0.0,0.0,353975.0,156608.0,104783.0,261950.0,2.0,2.0
2021-03-31,0.037,2.0,0.16,0.99,0.18,0.3,0.271,0.181,56236.0,695.0,49280.0,667153.0,50.0,1629.0,647.0,21.0,138.0,41.0,3.0,46.0,2.515625,0.0,0.0,366465.0,156638.0,104805.0,261963.0,2.0,2.0
2021-04-01,0.039,2.0,0.17,0.99,0.18,0.28,0.271,0.182,56310.0,700.0,49355.0,668849.0,50.0,1733.0,744.0,26.0,138.0,38.0,4.0,74.0,5.0,0.0,0.0,378565.0,156910.0,105052.0,262406.0,2.0,2.0
2021-04-02,0.04,2.0,0.15,0.99,0.16,0.28,0.278,0.188,56389.0,700.0,49412.0,670810.0,50.0,1733.0,723.0,30.0,138.0,39.0,5.0,79.0,2.5,0.0,0.0,393055.0,161055.0,108971.0,270226.0,2.0,2.0
2021-04-03,0.039,1.0,0.17,0.99,0.16,0.28,0.279,0.189,56447.0,700.0,49464.0,672426.0,50.0,1732.0,758.0,27.0,137.0,38.0,5.0,58.0,1.25,0.0,0.0,394525.0,161277.0,109195.0,270599.0,1.0,2.0
2021-04-04,0.039,1.0,0.17,0.99,0.17,0.29,0.279,0.189,56447.0,700.0,49524.0,673342.0,50.0,1733.0,722.0,24.0,137.0,40.0,6.0,29.0,0.625,0.0,0.0,405665.0,161571.0,109423.0,270862.0,1.0,2.0
2021-04-05,0.04,1.0,0.17,0.99,0.18,0.3,0.29,0.205,56447.0,700.0,49544.0,673683.0,50.0,1580.0,587.0,26.0,136.0,41.0,7.0,55.5,0.3125,0.0,0.0,405665.0,168129.0,118773.0,286685.0,1.0,2.0
2021-04-06,0.044,1.0,0.21,0.99,0.18,0.25,0.291,0.206,56529.0,700.0,49613.0,674359.0,50.0,1629.0,587.0,21.0,138.0,34.0,6.0,82.0,0.65625,0.0,0.0,405665.0,168177.0,119075.0,286966.0,1.0,2.0
2021-04-07,0.046,1.0,0.18,0.99,0.19,0.36,0.292,0.207,56619.0,701.0,49658.0,674992.0,50.0,1629.0,676.0,25.0,128.0,46.0,6.0,90.0,1.0,0.0,0.0,423725.0,168771.0,119735.0,288270.0,1.0,2.0
2021-04-08,0.044,1.0,0.18,0.99,0.19,0.38,0.292,0.207,56700.0,701.0,49737.0,677224.0,50.0,1733.0,805.0,28.0,128.0,48.0,6.0,81.0,0.5,0.0,0.0,430825.0,169020.0,119923.0,288586.0,1.0,2.0
2021-04-09,0.043,2.0,0.17,0.99,0.17,0.35,0.292,0.208,56802.0,701.0,49803.0,679524.0,50.0,1733.0,810.0,25.0,139.0,49.0,4.0,102.0,0.25,0.0,0.0,436025.0,169230.0,120094.0,288814.0,2.0,2.0
2021-04-10,0.043,2.0,0.16,1.0,0.17,0.35,0.293,0.208,56873.0,701.0,49852.0,681040.0,50.0,1733.0,803.0,25.0,139.0,49.0,5.0,71.0,0.125,0.0,0.0,447855.0,169409.0,120246.0,289028.0,2.0,2.0
2021-04-11,0.042,2.0,0.16,1.0,0.17,0.33,0.293,0.208,56873.0,701.0,49922.0,682405.0,50.0,1706.0,735.0,18.0,138.0,45.0,6.0,35.5,0.0625,0.0,0.0,450525.0,169683.0,120534.0,289340.0,2.0,2.0
2021-04-12,0.043,2.0,0.16,1.0,0.17,0.27,0.311,0.228,56873.0,701.0,49964.0,682992.0,50.0,1733.0,705.0,20.0,138.0,37.0,7.0,75.25,0.03125,0.0,0.0,450525.0,180223.0,131933.0,310702.0,2.0,2.0
2021-04-13,0.041,2.0,0.15,1.0,0.17,0.2,0.311,0.228,56988.0,701.0,50020.0,683860.0,50.0,1625.0,632.0,23.0,137.0,28.0,6.0,115.0,1.015625,0.0,0.0,450525.0,180275.0,131994.0,310765.0,2.0,2.0
2021-04-14,0.042,2.0,0.16,1.0,0.18,0.26,0.314,0.232,57070.0,703.0,50086.0,684833.0,50.0,1625.0,682.0,24.0,136.0,35.0,6.0,82.0,2.0,0.0,0.0,453025.0,181974.0,134166.0,314169.0,2.0,2.0
2021-04-15,0.043,2.0,0.16,1.01,0.18,0.32,0.317,0.234,57127.0,703.0,50142.0,686273.0,50.0,1733.0,780.0,29.0,136.0,44.0,6.0,57.0,1.0,0.0,0.0,460205.0,183741.0,135695.0,317111.0,2.0,2.0
2021-04-16,0.041,1.0,0.17,1.01,0.17,0.34,0.318,0.235,57203.0,703.0,50199.0,688688.0,50.0,1733.0,801.0,24.0,137.0,46.0,7.0,76.0,0.5,0.0,0.0,462605.0,183899.0,135799.0,317222.0,1.0,2.0
2021-04-17,0.042,1.0,0.18,1.01,0.16,0.32,0.322,0.241,57267.0,703.0,50240.0,689896.0,50.0,1733.0,808.0,27.0,137.0,44.0,6.0,64.0,0.25,0.0,0.0,464275.0,186092.0,139498.0,323397.0,1.0,2.0
2021-04-18,0.04,1.0,0.18,1.01,0.17,0.24,0.322,0.241,57267.0,703.0,50283.0,691168.0,50.0,1731.0,784.0,26.0,139.0,34.0,4.0,32.0,0.125,0.0,0.0,468615.0,186241.0,139665.0,323593.0,1.0,2.0
2021-04-19,0.037,1.0,0.18,1.02,0.17,0.32,0.322,0.241,57267.0,703.0,50295.0,691558.0,50.0,1731.0,756.0,26.0,138.0,44.0,6.0,71.5,0.0625,0.0,0.0,468615.0,186359.0,139721.0,323699.0,1.0,2.0
2021-04-20,0.036,1.0,0.18,1.02,0.18,0.3,0.322,0.242,57378.0,703.0,50341.0,692438.0,50.0,1623.0,649.0,26.0,138.0,41.0,5.0,111.0,1.03125,0.0,0.0,468615.0,186518.0,139851.0,323956.0,1.0,2.0
2021-04-21,0.033,1.0,0.18,1.02,0.19,0.3,0.328,0.25,57456.0,705.0,50369.0,693038.0,50.0,1629.0,682.0,23.0,138.0,41.0,5.0,78.0,2.0,0.0,0.0,469615.0,189818.0,144799.0,332765.0,1.0,2.0
2021-04-22,0.035,1.0,0.18,1.02,0.2,0.33,0.328,0.25,57518.0,705.0,50447.0,694729.0,50.0,1731.0,805.0,24.0,138.0,46.0,4.0,62.0,1.0,0.0,0.0,472315.0,189930.0,144916.0,332929.0,1.0,2.0
2021-04-23,0.034,2.0,0.17,1.03,0.18,0.36,0.331,0.256,57613.0,705.0,50508.0,697373.0,50.0,1731.0,797.0,28.0,138.0,49.0,5.0,95.0,0.5,0.0,0.0,472815.0,191282.0,148035.0,337560.0,2.0,2.0
2021-04-24,0.035,2.0,0.16,1.03,0.16,0.31,0.332,0.26,57696.0,705.0,50567.0,698903.0,50.0,1733.0,779.0,29.0,139.0,43.0,4.0,83.0,0.25,0.0,0.0,473415.0,192173.0,150279.0,340781.0,2.0,2.0
2021-04-25,0.037,2.0,0.16,1.03,0.18,0.33,0.332,0.26,57696.0,705.0,50609.0,699752.0,50.0,1706.0,725.0,31.0,138.0,45.0,4.0,41.5,0.125,0.0,0.0,476085.0,192278.0,150366.0,340893.0,2.0,2.0
2021-04-26,0.038,2.0,0.16,1.03,0.18,0.33,0.333,0.26,57696.0,705.0,50642.0,700353.0,50.0,1733.0,727.0,25.0,139.0,46.0,3.0,81.75,0.0625,0.0,0.0,476085.0,192439.0,150517.0,341127.0,2.0,2.0
2021-04-27,0.04,2.0,0.16,1.03,0.18,0.35,0.336,0.269,57818.0,705.0,50696.0,701039.0,50.0,1628.0,639.0,25.0,138.0,48.0,7.0,122.0,1.03125,0.0,0.0,476085.0,194530.0,155469.0,348679.0,2.0,2.0
2021-04-28,0.041,2.0,0.16,1.03,0.18,0.31,0.336,0.269,57883.0,707.0,50745.0,701895.0,50.0,1629.0,663.0,27.0,137.0,42.0,6.0,65.0,2.0,0.0,0.0,476385.0,194585.0,155503.0,348695.0,2.0,2.0
2021-04-29,0.038,2.0,0.15,1.03,0.19,0.37,0.336,0.269,57999.0,707.0,50822.0,704262.0,50.0,1732.0,793.0,30.0,137.0,51.0,8.0,116.0,1.0,0.0,0.0,477985.0,194680.0,155665.0,348883.0,2.0,2.0
2021-04-30,0.043,2.0,0.15,1.03,0.17,0.39,0.338,0.274,58069.0,707.0,50860.0,705245.0,50.0,1732.0,824.0,31.0,136.0,53.0,9.0,70.0,0.5,0.0,0.0,478185.0,195885.0,158672.0,353401.0,2.0,2.0
2021-05-01,0.041,2.0,0.16,1.03,0.16,0.36,0.339,0.278,58142.0,707.0,50928.0,707291.0,50.0,1732.0,838.0,30.0,137.0,50.0,7.0,73.0,0.25,0.0,0.0,479485.0,196453.0,160656.0,356057.0,2.0,2.0
2021-05-02,0.04,2.0,0.16,1.03,0.17,0.34,0.341,0.28,58142.0,707.0,50979.0,708661.0,50.0,1702.0,795.0,33.0,137.0,46.0,8.0,36.5,0.125,0.0,0.0,483195.0,197208.0,162127.0,358222.0,2.0,2.0
2021-05-03,0.04,2.0,0.16,1.03,0.16,0.29,0.341,0.28,58142.0,707.0,51013.0,709344.0,50.0,1729.0,741.0,29.0,137.0,40.0,9.0,92.25,0.0625,0.0,0.0,483195.0,197340.0,162328.0,358512.0,2.0,2.0
2021-05-04,0.041,2.0,0.15,1.03,0.16,0.3,0.341,0.281,58290.0,707.0,51074.0,709906.0,50.0,1624.0,631.0,38.0,137.0,41.0,13.0,148.0,1.53125,0.0,0.0,483195.0,197374.0,162356.0,358545.0,2.0,2.0
2021-05-05,0.039,2.0,0.14,1.03,0.18,0.39,0.343,0.283,58367.0,710.0,51110.0,710888.0,50.0,1624.0,869.0,56.0,142.0,56.0,24.0,77.0,3.0,0.0,0.0,483595.0,198293.0,163997.0,361199.0,2.0,2.0
2021-05-06,0.042,2.0,0.16,1.03,0.18,0.39,0.344,0.286,58438.0,710.0,51181.0,712420.0,50.0,1703.0,847.0,32.0,137.0,53.0,11.0,71.0,1.5,0.0,0.0,485195.0,198821.0,165330.0,363149.0,2.0,2.0
2021-05-07,0.043,2.0,0.15,1.03,0.16,0.42,0.344,0.286,58527.0,710.0,51250.0,714021.0,50.0,1730.0,854.0,25.0,138.0,58.0,7.0,89.0,0.75,0.0,0.0,486635.0,198930.0,165555.0,363390.0,2.0,2.0
2021-05-08,0.046,2.0,0.15,1.03,0.15,0.4,0.346,0.291,58623.0,710.0,51322.0,715473.0,50.0,1730.0,816.0,26.0,138.0,55.0,8.0,96.0,0.375,0.0,0.0,487055.0,200309.0,168356.0,367548.0,2.0,2.0
2021-05-09,0.045,2.0,0.15,1.03,0.15,0.35,0.347,0.294,58623.0,710.0,51344.0,716407.0,50.0,1705.0,790.0,30.0,138.0,48.0,6.0,48.0,0.1875,0.0,0.0,490875.0,201002.0,169905.0,369771.0,2.0,2.0
2021-05-10,0.043,2.0,0.15,1.03,0.16,0.25,0.348,0.294,58623.0,710.0,51358.0,716985.0,50.0,1512.0,628.0,23.0,118.0,29.0,4.0,94.5,0.09375,0.0,0.0,490875.0,201135.0,170086.0,369975.0,2.0,2.0
2021-05-11,0.043,2.0,0.15,1.03,0.16,0.32,0.348,0.294,58764.0,710.0,51418.0,717530.0,50.0,1408.0,494.0,18.0,118.0,38.0,4.0,141.0,1.046875,0.0,0.0,490875.0,201174.0,170130.0,370014.0,2.0,2.0
2021-05-12,0.05,2.0,0.15,1.03,0.18,0.35,0.349,0.298,58835.0,712.0,51509.0,718497.0,50.0,1406.0,547.0,20.0,117.0,41.0,4.0,71.0,2.0,0.0,0.0,491155.0,202262.0,172302.0,373337.0,2.0,2.0
2021-05-13,0.047,2.0,0.15,1.03,0.18,0.29,0.35,0.299,58893.0,712.0,51570.0,720275.0,50.0,1510.0,677.0,21.0,117.0,34.0,7.0,58.0,1.0,0.0,0.0,491255.0,202711.0,173179.0,374624.0,2.0,2.0
2021-05-14,0.045,2.0,0.15,1.04,0.16,0.35,0.35,0.299,58996.0,712.0,51632.0,722113.0,50.0,1503.0,709.0,26.0,115.0,40.0,9.0,103.0,0.5,0.0,0.0,491795.0,202831.0,173312.0,374754.0,2.0,2.0
2021-05-15,0.043,2.0,0.15,1.04,0.16,0.34,0.351,0.301,59079.0,712.0,51661.0,722963.0,50.0,1507.0,668.0,25.0,114.0,39.0,9.0,83.0,0.25,0.0,0.0,492695.0,203422.0,174440.0,376441.0,2.0,2.0
2021-05-16,0.046,2.0,0.15,1.03,0.17,0.32,0.353,0.303,59079.0,712.0,51703.0,723787.0,50.0,1510.0,640.0,27.0,118.0,38.0,9.0,41.5,0.125,0.0,0.0,495435.0,204468.0,175581.0,378677.0,2.0,2.0
2021-05-17,0.049,2.0,0.15,1.03,0.17,0.27,0.353,0.304,59079.0,712.0,51731.0,724263.0,50.0,1510.0,625.0,30.0,119.0,32.0,9.0,92.25,0.0625,0.0,0.0,495435.0,204569.0,175688.0,378799.0,2.0,2.0
2021-05-18,0.05,2.0,0.15,1.03,0.17,0.3,0.354,0.304,59222.0,712.0,51801.0,724843.0,50.0,1406.0,561.0,32.0,118.0,35.0,10.0,143.0,0.53125,0.0,0.0,495435.0,204668.0,175780.0,378894.0,2.0,2.0
2021-05-19,0.044,2.0,0.14,1.02,0.18,0.34,0.355,0.306,59320.0,713.0,51846.0,725743.0,50.0,1405.0,589.0,34.0,116.0,40.0,12.0,98.0,1.0,0.0,0.0,495435.0,205728.0,176951.0,381070.0,2.0,2.0
2021-05-20,0.054,2.0,0.14,1.02,0.18,0.32,0.356,0.306,59376.0,713.0,51926.0,726460.0,50.0,1505.0,683.0,32.0,116.0,37.0,10.0,56.0,0.5,0.0,0.0,497775.0,205862.0,177096.0,381205.0,2.0,2.0
2021-05-21,0.053,2.0,0.12,1.01,0.16,0.37,0.359,0.308,59590.0,713.0,51990.0,728533.0,50.0,1509.0,673.0,36.0,116.0,43.0,12.0,214.0,0.25,0.0,0.0,499235.0,207907.0,178309.0,384358.0,2.0,3.0
2021-05-22,0.053,2.0,0.12,1.01,0.15,0.35,0.361,0.309,59660.0,713.0,52016.0,729341.0,50.0,1509.0,674.0,41.0,116.0,41.0,12.0,70.0,0.125,0.0,0.0,500415.0,208848.0,179026.0,385924.0,2.0,3.0
2021-05-23,0.052,2.0,0.12,1.0,0.14,0.27,0.363,0.311,59660.0,713.0,52046.0,730067.0,50.0,1508.0,635.0,38.0,117.0,32.0,10.0,35.0,0.0625,0.0,0.0,501825.0,210083.0,180097.0,388011.0,2.0,3.0
2021-05-24,0.052,2.0,0.12,1.0,0.15,0.28,0.363,0.311,59660.0,713.0,52074.0,730557.0,50.0,1509.0,614.0,42.0,118.0,33.0,11.0,86.0,0.03125,0.0,0.0,501825.0,210179.0,180182.0,388122.0,2.0,3.0
2021-05-25,0.047,2.0,0.12,0.99,0.15,0.37,0.363,0.311,59797.0,713.0,52111.0,731196.0,50.0,1406.0,533.0,49.0,118.0,44.0,15.0,137.0,3.015625,0.0,0.0,501825.0,210231.0,180262.0,388185.0,2.0,2.0
2021-05-26,0.045,2.0,0.13,0.99,0.16,0.31,0.366,0.314,59870.0,719.0,52161.0,732482.0,50.0,1406.0,573.0,42.0,118.0,36.0,9.0,73.0,6.0,0.0,0.0,501825.0,211628.0,181453.0,390725.0,2.0,2.0
2021-05-27,0.038,2.0,0.12,0.98,0.16,0.29,0.366,0.314,59961.0,719.0,52224.0,733998.0,50.0,1510.0,684.0,39.0,118.0,34.0,9.0,91.0,3.0,0.0,0.0,501965.0,211764.0,181605.0,390857.0,2.0,3.0
2021-05-28,0.041,2.0,0.15,0.98,0.14,0.36,0.366,0.314,60048.0,719.0,52267.0,734938.0,50.0,1510.0,698.0,44.0,118.0,42.0,10.0,87.0,1.5,0.0,0.0,502365.0,211859.0,181712.0,390938.0,2.0,2.0
2021-05-29,0.041,2.0,0.14,0.98,0.14,0.38,0.369,0.317,60144.0,719.0,52324.0,736520.0,50.0,1510.0,692.0,42.0,118.0,45.0,11.0,96.0,0.75,0.0,0.0,502465.0,213605.0,183417.0,394278.0,2.0,2.0
2021-05-30,0.044,2.0,0.14,0.98,0.16,0.38,0.37,0.318,60144.0,719.0,52366.0,737072.0,50.0,1730.0,790.0,41.0,138.0,53.0,11.0,48.0,0.375,0.0,0.0,505565.0,214292.0,184128.0,395527.0,2.0,2.0
2021-05-31,0.045,2.0,0.14,0.98,0.15,0.41,0.37,0.318,60144.0,719.0,52403.0,737568.0,50.0,1730.0,778.0,48.0,138.0,57.0,13.0,24.0,0.1875,0.0,0.0,505565.0,214360.0,184183.0,395615.0,2.0,2.0
2021-06-01,0.047,1.0,0.2,0.98,0.16,0.35,0.37,0.318,60144.0,719.0,52433.0,737792.0,50.0,1626.0,675.0,46.0,138.0,48.0,12.0,122.0,0.59375,0.0,0.0,505565.0,214387.0,184209.5,395625.5,1.0,2.0
2021-06-02,0.051,2.0,0.14,0.98,0.17,0.39,0.37,0.318,60364.0,720.0,52477.0,738370.0,50.0,1626.0,711.0,50.0,137.0,53.0,13.0,220.0,1.0,0.0,0.0,505565.0,214414.0,184236.0,395636.0,2.0,2.0
2021-06-03,0.055,2.0,0.15,0.98,0.19,0.41,0.372,0.32,60433.0,720.0,52524.0,739147.0,50.0,1730.0,854.0,44.0,138.0,56.0,13.0,69.0,0.5,0.0,0.0,506735.0,215413.0,185031.0,397488.0,2.0,2.0
2021-06-04,0.048,2.0,0.14,0.98,0.17,0.4,0.372,0.32,60543.0,720.0,52573.0,740956.0,50.0,1730.0,890.0,36.0,137.0,55.0,11.0,110.0,0.25,0.0,0.0,506875.0,215514.0,185170.0,397654.0,2.0,2.0
2021-06-05,0.047,2.0,0.15,0.98,0.16,0.38,0.374,0.321,60623.0,720.0,52623.0,742582.0,50.0,1728.0,858.0,44.0,136.0,52.0,11.0,80.0,0.125,0.0,0.0,508575.0,216572.0,185986.0,399448.0,2.0,2.0
2021-06-06,0.045,2.0,0.15,0.97,0.17,0.4,0.374,0.321,60623.0,720.0,52673.0,743632.0,50.0,1741.0,811.0,43.0,136.0,55.0,9.0,40.0,0.0625,0.0,0.0,509135.0,216649.0,186063.0,399497.0,2.0,2.0
2021-06-07,0.042,2.0,0.15,0.97,0.17,0.36,0.376,0.323,60623.0,720.0,52700.0,744280.0,50.0,1729.0,805.0,47.0,137.0,50.0,10.0,95.0,0.03125,0.0,0.0,509135.0,217516.0,186843.0,400980.0,2.0,2.0
2021-06-08,0.041,2.0,0.11,0.97,0.17,0.36,0.376,0.323,60773.0,720.0,52736.0,744915.0,50.0,1625.0,755.0,50.0,136.0,49.0,11.0,150.0,2.515625,0.0,0.0,509135.0,217562.0,186913.0,401052.0,2.0,3.0
2021-06-09,0.042,2.0,0.15,0.97,0.17,0.37,0.378,0.325,60844.0,725.0,52800.0,745770.0,50.0,1626.0,802.0,58.0,134.0,49.0,12.0,71.0,5.0,0.0,0.0,509135.0,218655.0,187985.0,403192.0,2.0,2.0
2021-06-10,0.041,2.0,0.14,0.96,0.17,0.41,0.378,0.326,60941.0,725.0,52865.0,747100.0,50.0,1729.0,890.0,49.0,135.0,55.0,15.0,97.0,2.5,0.0,0.0,509135.0,219023.0,188657.0,404188.0,2.0,2.0
2021-06-11,0.041,2.0,0.15,0.96,0.16,0.37,0.379,0.326,61012.0,725.0,52924.0,749216.0,50.0,1743.0,871.0,46.0,134.0,50.0,16.0,71.0,1.25,0.0,0.0,509135.0,219120.0,188762.0,404301.0,2.0,2.0
2021-06-12,0.043,2.0,0.14,0.96,0.14,0.37,0.379,0.326,61115.0,725.0,52968.0,750321.0,50.0,1742.0,846.0,44.0,136.0,50.0,14.0,103.0,0.625,0.0,0.0,509415.0,219184.0,188822.0,404335.0,2.0,2.0
2021-06-13,0.044,2.0,0.14,0.96,0.15,0.33,0.381,0.329,61115.0,725.0,53009.0,750990.0,50.0,1526.0,677.0,33.0,118.0,39.0,19.0,51.5,0.3125,0.0,0.0,510585.0,220233.0,190181.0,406642.0,2.0,2.0
2021-06-14,0.044,2.0,0.14,0.96,0.15,0.33,0.382,0.33,61115.0,725.0,53036.0,751568.0,50.0,1525.0,657.0,40.0,119.0,39.0,18.0,85.75,0.15625,0.0,0.0,510585.0,220814.0,191066.0,408103.0,2.0,2.0
2021-06-15,0.046,2.0,0.15,0.96,0.15,0.34,0.382,0.33,61235.0,725.0,53077.0,752009.0,50.0,1380.0,537.0,42.0,119.0,41.0,19.0,120.0,4.578125,0.0,0.0,510585.0,220895.0,191169.0,408189.0,2.0,2.0
2021-06-16,0.044,2.0,0.15,0.97,0.17,0.34,0.383,0.332,61303.0,734.0,53115.0,752601.0,50.0,1380.0,557.0,44.0,119.0,40.0,16.0,68.0,9.0,0.0,0.0,510585.0,221700.0,192334.0,410113.0,2.0,2.0
2021-06-17,0.041,2.0,0.17,0.97,0.18,0.36,0.383,0.332,61359.0,734.0,53161.0,754074.0,50.0,1525.0,694.0,43.0,119.0,43.0,17.0,56.0,4.5,0.0,0.0,510585.0,221754.0,192396.0,410138.0,2.0,2.0
2021-06-18,0.043,2.0,0.17,0.98,0.16,0.35,0.383,0.333,61425.0,734.0,53206.0,755566.0,50.0,1525.0,671.0,42.0,119.0,42.0,15.0,66.0,2.25,0.0,0.0,511285.0,221932.0,192582.0,410284.0,2.0,2.0
2021-06-19,0.045,1.0,0.19,0.99,0.15,0.33,0.385,0.335,61490.0,734.0,53252.0,756391.0,50.0,1526.0,662.0,40.0,119.0,39.0,16.0,65.0,1.125,0.0,0.0,511705.0,222683.0,193632.0,412024.0,1.0,2.0
2021-06-20,0.044,1.0,0.19,0.99,0.17,0.43,0.386,0.336,61490.0,734.0,53288.0,757040.0,50.0,1526.0,645.0,37.0,119.0,51.0,14.0,32.5,0.5625,0.0,0.0,513015.0,223215.0,194232.0,413046.0,1.0,2.0
2021-06-21,0.044,1.0,0.19,1.0,0.18,0.45,0.386,0.336,61490.0,734.0,53305.0,757406.0,50.0,1746.0,801.0,41.0,139.0,62.0,13.0,86.25,0.28125,0.0,0.0,513015.0,223278.0,194293.0,413112.0,1.0,2.0
2021-06-22,0.043,1.0,0.18,1.01,0.18,0.41,0.386,0.336,61630.0,734.0,53340.0,757887.0,50.0,1601.0,677.0,40.0,139.0,57.0,13.0,140.0,0.140625,0.0,0.0,513015.0,223322.0,194322.0,413169.0,1.0,2.0
2021-06-23,0.041,1.0,0.17,1.02,0.19,0.39,0.387,0.337,61704.0,734.0,53386.0,758981.0,50.0,1577.0,726.0,37.0,139.0,54.0,11.0,74.0,3.0703125,0.0,0.0,513015.0,224025.0,195259.0,414810.0,1.0,2.0
2021-06-24,0.042,2.0,0.17,1.02,0.2,0.47,0.388,0.338,61776.0,740.0,53432.0,760326.0,50.0,1719.0,871.0,39.0,139.0,65.0,13.0,72.0,6.0,0.0,0.0,513155.0,224342.0,195587.0,415356.0,2.0,2.0
2021-06-25,0.047,2.0,0.17,1.03,0.18,0.38,0.388,0.338,61847.0,740.0,53508.0,761642.0,50.0,1721.0,872.0,35.0,137.0,52.0,13.0,71.0,3.0,0.0,0.0,513455.0,224440.0,195677.0,415449.0,2.0,2.0
2021-06-26,0.046,2.0,0.15,1.04,0.17,0.4,0.389,0.34,61951.0,740.0,53554.0,762715.0,50.0,1721.0,872.0,40.0,139.0,56.0,16.0,104.0,1.5,0.0,0.0,513875.0,225313.0,196708.0,418095.0,2.0,2.0
2021-06-27,0.047,2.0,0.15,1.04,0.16,0.41,0.39,0.341,61951.0,740.0,53592.0,763220.0,50.0,1696.0,803.0,35.0,139.0,57.0,13.0,52.0,0.75,0.0,0.0,515745.0,225830.0,197314.0,419250.0,2.0,2.0
2021-06-28,0.049,2.0,0.15,1.04,0.17,0.35,0.39,0.341,61951.0,740.0,53621.0,763547.0,50.0,1723.0,757.0,44.0,139.0,48.0,14.0,100.0,0.375,0.0,0.0,515745.0,225918.0,197393.0,419326.0,2.0,2.0
2021-06-29,0.052,2.0,0.15,1.05,0.17,0.4,0.39,0.341,62099.0,740.0,53676.0,764072.0,50.0,1578.0,677.0,52.0,139.0,55.0,13.0,148.0,3.6875,0.0,0.0,515745.0,225975.0,197491.0,419480.0,2.0,2.0
2021-06-30,0.054,2.0,0.14,1.05,0.18,0.37,0.392,0.344,62195.0,747.0,53719.0,764766.0,50.0,1574.0,718.0,38.0,139.0,51.0,9.0,96.0,7.0,0.0,0.0,515745.0,226839.0,198897.0,421694.0,2.0,2.0
2021-07-01,0.057,2.0,0.14,1.05,0.17,0.39,0.392,0.344,62290.0,747.0,53765.0,765852.0,50.0,1723.0,826.0,40.0,139.0,54.0,6.0,95.0,3.5,0.0,0.0,516025.0,226911.0,198958.0,421749.0,2.0,2.0
2021-07-02,0.058,2.0,0.14,1.06,0.15,0.42,0.393,0.345,62353.0,747.0,53834.0,766950.0,50.0,1723.0,824.0,39.0,138.0,58.0,7.0,63.0,1.75,0.0,0.0,516325.0,227741.0,199743.0,423238.0,2.0,2.0
2021-07-03,0.06,2.0,0.14,1.06,0.14,0.41,0.394,0.346,62445.0,747.0,53897.0,768051.0,50.0,1723.0,845.0,41.0,138.0,57.0,9.0,92.0,0.875,0.0,0.0,516865.0,228162.0,200184.0,424025.0,2.0,2.0
2021-07-04,0.058,2.0,0.14,1.06,0.15,0.34,0.399,0.353,62445.0,747.0,53941.0,768839.0,50.0,1723.0,778.0,49.0,140.0,48.0,13.0,46.0,0.4375,0.0,0.0,517365.0,230914.0,204522.0,431008.0,2.0,2.0
2021-07-05,0.059,2.0,0.14,1.07,0.16,0.31,0.399,0.354,62445.0,747.0,53973.0,769201.0,50.0,1696.0,762.0,48.0,140.0,44.0,15.0,23.0,0.21875,0.0,0.0,517365.0,230993.0,204598.0,431101.0,2.0,2.0
2021-07-06,0.057,1.0,0.2,1.07,0.16,0.31,0.399,0.354,62445.0,747.0,53996.0,769358.0,50.0,1557.0,624.0,47.0,140.0,43.0,13.0,110.0,2.109375,0.0,0.0,517365.0,231017.5,204617.0,431123.5,1.0,2.0
2021-07-07,0.06,2.0,0.16,1.07,0.18,0.36,0.399,0.354,62642.0,751.0,54043.0,769804.0,50.0,1578.0,686.0,50.0,140.0,50.0,16.0,197.0,4.0,0.0,0.0,517365.0,231042.0,204636.0,431146.0,2.0,2.0
2021-07-08,0.063,2.0,0.16,1.07,0.18,0.39,0.399,0.354,62737.0,751.0,54099.0,770785.0,50.0,1723.0,842.0,52.0,141.0,55.0,17.0,95.0,2.0,0.0,0.0,517365.0,231108.0,204687.0,431172.0,2.0,2.0
2021-07-09,0.058,2.0,0.14,1.08,0.16,0.41,0.401,0.356,62865.0,751.0,54181.0,772606.0,50.0,1723.0,859.0,50.0,131.0,54.0,17.0,128.0,1.0,0.0,0.0,519505.0,232135.0,205774.0,433296.0,2.0,2.0
2021-07-10,0.055,2.0,0.13,1.08,0.14,0.4,0.402,0.356,62966.0,751.0,54216.0,773521.0,50.0,1752.0,842.0,45.0,141.0,56.0,17.0,101.0,0.5,0.0,0.0,519885.0,232508.0,206168.0,434019.0,2.0,2.0
2021-07-11,0.058,2.0,0.13,1.08,0.15,0.33,0.403,0.357,62966.0,751.0,54284.0,774369.0,50.0,1752.0,808.0,46.0,140.0,46.0,17.0,50.5,0.25,0.0,0.0,519885.0,233010.0,206571.0,434799.0,2.0,2.0
2021-07-12,0.054,2.0,0.13,1.09,0.15,0.34,0.403,0.357,62966.0,751.0,54304.0,774958.0,50.0,1752.0,756.0,47.0,140.0,48.0,18.0,111.25,0.125,0.0,0.0,519885.0,233100.0,206652.0,434914.0,2.0,2.0
2021-07-13,0.053,2.0,0.1,1.09,0.15,0.4,0.403,0.357,63138.0,751.0,54341.0,775528.0,50.0,1607.0,638.0,45.0,136.0,54.0,17.0,172.0,4.5625,0.0,0.0,519885.0,233128.0,206672.0,434942.0,2.0,3.0
2021-07-14,0.054,2.0,0.12,1.09,0.16,0.4,0.404,0.358,63235.0,760.0,54403.0,776124.0,50.0,1607.0,681.0,48.0,136.0,55.0,16.0,97.0,9.0,0.0,0.0,519885.0,233751.0,207221.0,436027.0,2.0,3.0
2021-07-15,0.044,2.0,0.12,1.1,0.16,0.4,0.404,0.358,63331.0,760.0,54498.0,779409.0,50.0,1752.0,817.0,56.0,136.0,55.0,20.0,96.0,4.5,0.0,0.0,519985.0,233942.0,207417.0,436120.0,2.0,3.0
2021-07-16,0.044,2.0,0.12,1.1,0.15,0.46,0.405,0.359,63455.0,760.0,54571.0,781058.0,50.0,1748.0,851.0,59.0,135.0,62.0,22.0,124.0,2.25,0.0,0.0,520635.0,234681.0,207857.0,437278.0,2.0,3.0
2021-07-17,0.047,2.0,0.13,1.11,0.13,0.47,0.406,0.36,63523.0,760.0,54615.0,781595.0,50.0,1748.0,864.0,60.0,134.0,63.0,23.0,68.0,1.125,0.0,0.0,521255.0,235122.0,208175.0,437971.0,2.0,2.0
2021-07-18,0.046,2.0,0.13,1.11,0.14,0.46,0.407,0.36,63523.0,760.0,54658.0,782211.0,50.0,1748.0,798.0,63.0,134.0,62.0,23.0,34.0,0.5625,0.0,0.0,521255.0,235501.0,208473.0,438588.0,2.0,2.0
2021-07-19,0.046,2.0,0.13,1.12,0.14,0.46,0.407,0.36,63523.0,760.0,54677.0,782750.0,50.0,1748.0,759.0,56.0,135.0,62.0,23.0,110.0,0.28125,0.0,0.0,521255.0,235576.0,208525.0,438665.0,2.0,2.0
2021-07-20,0.048,2.0,0.12,1.12,0.13,0.45,0.407,0.36,63709.0,760.0,54739.0,783401.0,50.0,1603.0,698.0,60.0,135.0,61.0,24.0,186.0,3.140625,0.0,0.0,521255.0,235603.0,208543.0,438677.0,2.0,2.0
2021-07-21,0.049,2.0,0.12,1.13,0.15,0.44,0.407,0.36,63840.0,766.0,54827.0,784270.0,50.0,1603.0,733.0,66.0,135.0,60.0,20.0,131.0,6.0,0.0,0.0,521255.0,235419.0,208489.0,438253.0,2.0,3.0
2021-07-22,0.053,2.0,0.11,1.14,0.16,0.42,0.409,0.362,63988.0,766.0,54908.0,786690.0,50.0,1755.0,865.0,63.0,134.0,56.0,18.0,148.0,3.0,0.0,0.0,521255.0,236489.0,209232.0,440081.0,2.0,3.0
2021-07-23,0.048,2.0,0.1,1.15,0.13,0.4,0.41,0.362,64141.0,766.0,54988.0,789375.0,50.0,1755.0,876.0,67.0,134.0,54.0,16.0,153.0,1.5,0.0,0.0,522275.0,237068.0,209600.0,440898.0,2.0,3.0
2021-07-24,0.045,2.0,0.1,1.16,0.11,0.39,0.41,0.363,64251.0,766.0,55047.0,790731.0,50.0,1747.0,863.0,77.0,134.0,52.0,18.0,110.0,0.75,0.0,0.0,523305.0,237580.0,209938.0,441699.0,2.0,3.0
2021-07-25,0.047,2.0,0.1,1.17,0.13,0.4,0.411,0.363,64251.0,766.0,55117.0,791536.0,50.0,1721.0,812.0,74.0,136.0,55.0,23.0,55.0,0.375,0.0,0.0,524155.0,238144.0,210317.0,442591.0,2.0,3.0
2021-07-26,0.049,2.0,0.1,1.18,0.13,0.4,0.412,0.363,64251.0,766.0,55159.0,792044.0,50.0,1717.0,788.0,74.0,136.0,54.0,21.0,127.5,0.1875,0.0,0.0,524155.0,238255.0,210376.0,442718.0,2.0,3.0
2021-07-27,0.05,2.0,0.09,1.19,0.14,0.36,0.412,0.364,64451.0,766.0,55214.0,792471.0,50.0,1607.0,672.0,73.0,135.0,49.0,21.0,200.0,5.09375,0.0,0.0,524155.0,238306.0,210397.0,442757.0,2.0,3.0
2021-07-28,0.049,2.0,0.09,1.2,0.14,0.37,0.412,0.364,64623.0,776.0,55299.0,793407.0,50.0,1607.0,691.0,70.0,135.0,50.0,20.0,172.0,10.0,0.0,0.0,524295.0,238369.0,210449.0,442779.0,2.0,3.0
2021-07-29,0.053,2.0,0.11,1.21,0.15,0.38,0.414,0.365,64623.0,776.0,55409.0,795645.0,50.0,1752.0,857.0,66.0,135.0,51.0,22.0,252.0,5.0,0.0,0.0,525435.0,239841.0,211288.0,445039.0,2.0,3.0
2021-07-30,0.062,2.0,0.09,1.22,0.12,0.4,0.415,0.366,64955.0,776.0,55536.0,797650.0,50.0,1752.0,840.0,57.0,136.0,54.0,23.0,332.0,2.5,0.0,0.0,526895.0,240393.0,211609.0,445810.0,2.0,3.0
2021-07-31,0.066,2.0,0.08,1.23,0.1,0.4,0.416,0.366,65127.0,776.0,55634.0,799002.0,50.0,1752.0,828.0,62.0,136.0,54.0,22.0,172.0,1.25,0.0,0.0,528245.0,240961.0,211874.0,446581.0,2.0,3.0
2021-08-01,0.069,2.0,0.08,1.23,0.12,0.42,0.417,0.367,65127.0,776.0,55738.0,799893.0,50.0,1727.0,783.0,59.0,136.0,57.0,17.0,86.0,0.625,0.0,0.0,529845.0,241610.0,212230.0,447473.0,2.0,3.0
2021-08-02,0.069,2.0,0.08,1.23,0.12,0.38,0.418,0.367,65127.0,776.0,55785.0,800537.0,50.0,1751.0,740.0,63.0,131.0,50.0,18.0,213.0,0.3125,0.0,0.0,529845.0,241735.0,212317.0,447594.0,2.0,3.0
2021-08-03,0.071,3.0,0.07,1.24,0.12,0.4,0.418,0.367,65467.0,776.0,55861.0,800949.0,50.0,1606.0,658.0,79.0,136.0,54.0,24.0,340.0,5.15625,0.0,0.0,529845.0,241769.0,212334.0,447616.0,3.0,3.0
2021-08-04,0.076,3.0,0.06,1.24,0.13,0.43,0.418,0.367,65704.0,786.0,56034.0,802381.0,50.0,1606.0,760.0,87.0,136.0,58.0,25.0,237.0,10.0,0.0,0.0,531195.0,241812.0,212359.0,447632.0,3.0,3.0
2021-08-05,0.083,3.0,0.05,1.24,0.12,0.43,0.418,0.367,65953.0,786.0,56198.0,804364.0,50.0,1752.0,833.0,88.0,136.0,58.0,23.0,249.0,5.0,0.0,0.0,531645.0,241992.0,212447.0,447749.0,3.0,3.0
2021-08-06,0.079,3.0,0.06,1.24,0.1,0.42,0.418,0.367,66200.0,786.0,56351.0,807146.0,50.0,1755.0,848.0,78.0,136.0,57.0,17.0,247.0,2.5,0.0,0.0,533105.0,242146.0,212533.0,447885.0,3.0,3.0
2021-08-07,0.079,3.0,0.05,1.23,0.1,0.36,0.423,0.37,66453.0,786.0,56519.0,809345.0,50.0,1755.0,833.0,78.0,136.0,49.0,16.0,253.0,1.25,0.0,0.0,536255.0,244866.0,213889.0,451872.0,3.0,3.0
2021-08-08,0.073,3.0,0.05,1.23,0.1,0.39,0.423,0.37,66453.0,786.0,56622.0,811047.0,50.0,1755.0,792.0,86.0,136.0,53.0,17.0,126.5,0.625,0.0,0.0,538245.0,245030.0,213987.0,451995.0,3.0,3.0
2021-08-09,0.077,3.0,0.05,1.23,0.1,0.39,0.424,0.37,66453.0,786.0,56721.0,811725.0,50.0,1755.0,759.0,91.0,136.0,53.0,18.0,349.75,0.3125,0.0,0.0,538245.0,245151.0,214065.0,452145.0,3.0,3.0
2021-08-10,0.079,3.0,0.04,1.22,0.1,0.38,0.424,0.37,67026.0,786.0,56849.0,812447.0,50.0,1610.0,683.0,106.0,136.0,52.0,15.0,573.0,3.65625,0.0,0.0,538245.0,245188.0,214089.0,452173.0,3.0,3.0
2021-08-11,0.08,3.0,0.04,1.22,0.1,0.46,0.426,0.371,67326.0,793.0,57014.0,813707.0,50.0,1610.0,731.0,112.0,136.0,62.0,22.0,300.0,7.0,0.0,0.0,538245.0,246769.0,214853.0,454495.0,3.0,3.0
2021-08-12,0.071,3.0,0.04,1.21,0.1,0.46,0.428,0.372,67582.0,793.0,57256.0,818179.0,50.0,1755.0,837.0,111.0,137.0,63.0,24.0,256.0,3.5,0.0,0.0,538665.0,247464.0,215204.0,455423.0,3.0,3.0
2021-08-13,0.078,3.0,0.04,1.21,0.1,0.46,0.429,0.373,67957.0,793.0,57470.0,820354.0,50.0,1755.0,852.0,105.0,136.0,63.0,24.0,375.0,1.75,0.0,0.0,541105.0,248225.0,215625.0,456497.0,3.0,3.0
2021-08-14,0.08,3.0,0.04,1.2,0.1,0.4,0.429,0.373,68272.0,793.0,57626.0,821997.0,50.0,1755.0,838.0,107.0,137.0,55.0,25.0,315.0,0.875,0.0,0.0,542455.0,248395.0,215692.0,456647.0,3.0,3.0
2021-08-15,0.086,3.0,0.04,1.2,0.1,0.43,0.429,0.373,68272.0,793.0,57845.0,823987.0,50.0,1728.0,799.0,117.0,136.0,59.0,26.0,157.5,0.4375,0.0,0.0,545675.0,248544.0,215782.0,456796.0,3.0,3.0
2021-08-16,0.083,3.0,0.04,1.19,0.1,0.43,0.43,0.373,68272.0,793.0,57947.0,825233.0,50.0,1755.0,787.0,118.0,137.0,59.0,24.0,414.75,0.21875,0.0,0.0,545675.0,248696.0,215857.0,456986.0,3.0,3.0
2021-08-17,0.085,3.0,0.04,1.19,0.1,0.45,0.43,0.373,68944.0,793.0,58095.0,825828.0,50.0,1610.0,657.0,117.0,136.0,61.0,23.0,672.0,8.109375,0.0,0.0,545675.0,248750.0,215891.0,457035.0,3.0,3.0
2021-08-18,0.089,3.0,0.03,1.18,0.1,0.43,0.435,0.376,69356.0,809.0,58323.0,827076.0,50.0,1610.0,720.0,128.0,138.0,59.0,23.0,412.0,16.0,0.0,0.0,550145.0,251766.0,217399.0,461651.0,3.0,3.0
2021-08-19,0.092,3.0,0.03,1.18,0.1,0.42,0.436,0.376,69844.0,809.0,58632.0,831773.0,50.0,1757.0,848.0,126.0,138.0,58.0,25.0,488.0,8.0,0.0,0.0,552055.0,252624.0,217833.0,462805.0,3.0,3.0
2021-08-20,0.096,3.0,0.03,1.17,0.1,0.45,0.438,0.377,70150.0,809.0,58903.0,833795.0,50.0,1753.0,858.0,141.0,137.0,61.0,30.0,306.0,4.0,0.0,0.0,554855.0,253479.0,218300.0,464054.0,3.0,3.0
2021-08-21,0.1,3.0,0.03,1.17,0.1,0.49,0.439,0.378,70671.0,809.0,59132.0,835546.0,50.0,1757.0,876.0,149.0,138.0,67.0,31.0,521.0,2.0,0.0,0.0,562085.0,254304.0,218771.0,465379.0,3.0,3.0
2021-08-22,0.102,3.0,0.03,1.16,0.1,0.49,0.441,0.379,70671.0,809.0,59363.0,837294.0,50.0,1729.0,804.0,141.0,136.0,66.0,29.0,260.5,1.0,0.0,0.0,568995.0,255205.0,219347.0,466856.0,3.0,3.0
2021-08-23,0.104,3.0,0.03,1.15,0.1,0.48,0.441,0.379,70671.0,809.0,59521.0,838801.0,50.0,1756.0,785.0,140.0,139.0,67.0,30.0,575.75,0.5,0.0,0.0,568995.0,255269.0,219390.0,466919.0,3.0,3.0
2021-08-24,0.106,3.0,0.03,1.15,0.1,0.5,0.441,0.379,71562.0,809.0,59813.0,840326.0,50.0,1611.0,724.0,174.0,141.0,70.0,35.0,891.0,13.25,0.0,0.0,568995.0,255353.0,219444.0,467083.0,3.0,3.0
2021-08-25,0.102,3.0,0.03,1.14,0.1,0.5,0.444,0.381,72069.0,835.0,59989.0,841685.0,50.0,1611.0,762.0,171.0,141.0,71.0,35.0,507.0,26.0,0.0,0.0,568995.0,256990.0,220359.0,469707.0,3.0,3.0
2021-08-26,0.111,3.0,0.03,1.13,0.1,0.49,0.445,0.382,72528.0,835.0,60372.0,845734.0,50.0,1756.0,879.0,181.0,141.0,69.0,41.0,459.0,13.0,0.0,0.0,570845.0,257734.0,220806.0,470787.0,3.0,3.0
2021-08-27,0.104,3.0,0.02,1.13,0.1,0.53,0.447,0.382,72995.0,835.0,60663.0,848882.0,50.0,1756.0,901.0,192.0,141.0,75.0,41.0,467.0,6.5,0.0,0.0,575455.0,258558.0,221333.0,472163.0,3.0,3.0
2021-08-28,0.104,3.0,0.03,1.12,0.1,0.55,0.448,0.383,73467.0,835.0,61006.0,851700.0,50.0,1756.0,866.0,189.0,140.0,77.0,41.0,472.0,3.25,0.0,0.0,581105.0,259448.0,221912.0,473727.0,3.0,3.0
2021-08-29,0.1,3.0,0.03,1.11,0.1,0.61,0.449,0.384,73467.0,835.0,61208.0,853872.0,50.0,1755.0,861.0,188.0,140.0,86.0,47.0,236.0,1.625,0.0,0.0,582275.0,259664.0,222035.0,473961.0,3.0,3.0
2021-08-30,0.107,3.0,0.03,1.1,0.1,0.63,0.449,0.384,73467.0,835.0,61499.0,855390.0,50.0,1753.0,835.0,207.0,141.0,89.0,50.0,762.5,0.8125,0.0,0.0,582835.0,259815.0,222123.0,474129.0,3.0,3.0
2021-08-31,0.105,5.0,0.02,1.1,0.1,0.62,0.449,0.384,74756.0,835.0,61864.0,857817.0,50.0,1608.0,756.0,208.0,141.0,88.0,59.0,1289.0,11.90625,0.0,0.0,582835.0,259857.0,222156.0,474150.0,5.0,3.0
2021-09-01,0.108,5.0,0.02,1.09,0.1,0.64,0.453,0.386,75136.0,858.0,62111.0,859283.0,50.0,1586.0,780.0,200.0,136.0,87.0,56.0,380.0,23.0,0.0,0.0,586155.0,262132.0,223590.0,478281.0,5.0,3.0
2021-09-02,0.111,5.0,0.02,1.08,0.1,0.65,0.453,0.387,76007.0,858.0,62456.0,862372.0,50.0,1731.0,912.0,205.0,137.0,89.0,58.0,871.0,11.5,0.0,0.0,587255.0,262333.0,223746.0,478529.0,5.0,3.0
2021-09-03,0.109,5.0,0.02,1.08,0.1,0.59,0.456,0.391,76602.0,858.0,62926.0,867405.0,50.0,1731.0,861.0,206.0,137.0,81.0,55.0,595.0,5.75,0.0,0.0,590695.0,264080.0,226176.0,487373.0,5.0,3.0
2021-09-04,0.105,5.0,0.02,1.07,0.1,0.62,0.458,0.392,77206.0,858.0,63265.0,871053.0,50.0,1731.0,856.0,196.0,137.0,85.0,58.0,604.0,2.875,0.0,0.0,594275.0,265000.0,226815.0,488883.0,5.0,3.0
2021-09-05,0.108,5.0,0.02,1.06,0.1,0.62,0.459,0.393,77206.0,858.0,63562.0,873332.0,50.0,1731.0,833.0,201.0,137.0,85.0,62.0,302.0,1.4375,0.0,0.0,602635.0,265857.0,227485.0,490488.0,5.0,3.0
2021-09-06,0.109,5.0,0.02,1.06,0.1,0.59,0.0,0.0,77206.0,858.0,63803.0,874298.0,50.0,1731.0,841.0,203.0,138.0,81.0,58.0,151.0,0.71875,0.0,0.0,0.0,0.0,0.0,0.0,5.0,3.0
2021-09-07,0.107,3.0,0.03,1.05,0.1,0.61,0.0,0.0,77206.0,858.0,63969.0,875411.0,50.0,1586.0,712.0,208.0,138.0,84.0,54.0,720.0,10.859375,0.0,0.0,0.0,0.0,0.0,0.0,3.0,3.0
2021-09-08,0.103,5.0,0.02,1.04,0.1,0.59,0.46,0.393,78495.0,879.0,64257.0,877980.0,50.0,1591.0,788.0,232.0,138.0,81.0,54.0,1289.0,21.0,0.0,0.0,602635.0,266342.0,227661.0,491080.0,5.0,3.0
2021-09-09,0.106,5.0,0.02,1.04,0.1,0.56,0.463,0.396,79297.0,879.0,64493.0,879537.0,50.0,1736.0,925.0,240.0,138.0,77.0,45.0,802.0,10.5,0.0,0.0,602635.0,268026.0,228921.0,494130.0,5.0,3.0
2021-09-10,0.11,5.0,0.02,1.04,0.1,0.71,0.464,0.397,79830.0,879.0,65121.0,885195.0,50.0,1728.0,995.0,230.0,136.0,97.0,50.0,533.0,5.25,0.0,0.0,607845.0,268605.0,229509.0,495322.0,5.0,3.0
2021-09-11,0.115,5.0,0.02,1.03,0.1,0.68,0.466,0.398,80643.0,879.0,65603.0,889055.0,50.0,1742.0,991.0,223.0,137.0,93.0,47.0,813.0,2.625,0.0,0.0,612885.0,269583.0,230222.0,497004.0,5.0,3.0
2021-09-12,0.115,5.0,0.02,1.03,0.1,0.64,0.467,0.399,80643.0,879.0,65959.0,891841.0,50.0,1743.0,884.0,214.0,137.0,87.0,47.0,406.5,1.3125,0.0,0.0,622745.0,270376.0,230903.0,498534.0,5.0,3.0
2021-09-13,0.111,5.0,0.02,1.02,0.1,0.68,0.467,0.399,80643.0,879.0,66117.0,892742.0,50.0,1743.0,861.0,223.0,138.0,94.0,53.0,794.25,0.65625,0.0,0.0,622745.0,270525.0,231017.0,498761.0,5.0,3.0
2021-09-14,0.111,5.0,0.02,1.02,0.1,0.67,0.468,0.399,81825.0,879.0,66444.0,895148.0,50.0,1598.0,765.0,221.0,138.0,92.0,51.0,1182.0,19.828125,0.0,0.0,622745.0,270580.0,231048.0,498818.0,5.0,3.0
2021-09-15,0.113,5.0,0.02,1.01,0.1,0.71,0.47,0.402,82463.0,918.0,66633.0,896608.0,50.0,1598.0,804.0,213.0,138.0,98.0,52.0,638.0,39.0,0.0,0.0,623185.0,272045.0,232414.0,501816.0,5.0,3.0
2021-09-16,0.116,5.0,0.02,1.01,0.1,0.67,0.471,0.403,82897.0,918.0,67295.0,900951.0,50.0,1743.0,908.0,214.0,137.0,92.0,54.0,434.0,19.5,0.0,0.0,629645.0,272715.0,232968.0,503068.0,5.0,3.0
2021-09-17,0.118,5.0,0.02,1.01,0.1,0.64,0.473,0.404,83643.0,918.0,67845.0,905459.0,50.0,1739.0,883.0,202.0,137.0,87.0,51.0,746.0,9.75,0.0,0.0,634805.0,273479.0,233559.0,504335.0,5.0,3.0
2021-09-18,0.116,5.0,0.02,1.0,0.1,0.6,0.474,0.405,83958.0,918.0,68267.0,909355.0,50.0,1743.0,900.0,200.0,136.0,81.0,55.0,315.0,4.875,0.0,0.0,636815.0,274201.0,234261.0,505806.0,5.0,3.0
2021-09-19,0.114,5.0,0.02,1.0,0.1,0.65,0.475,0.406,83958.0,918.0,68499.0,911521.0,50.0,1743.0,854.0,180.0,136.0,88.0,52.0,157.5,2.4375,0.0,0.0,644635.0,275036.0,235063.0,507491.0,5.0,3.0
2021-09-20,0.116,5.0,0.02,0.99,0.1,0.67,0.475,0.406,83958.0,918.0,68853.0,913635.0,50.0,1743.0,822.0,186.0,135.0,90.0,61.0,849.25,1.21875,0.0,0.0,644635.0,275154.0,235155.0,507670.0,5.0,3.0
2021-09-21,0.114,5.0,0.02,0.99,0.1,0.64,0.475,0.406,85499.0,918.0,69037.0,915272.0,50.0,1598.0,719.0,210.0,137.0,88.0,62.0,1541.0,19.109375,0.0,0.0,644635.0,275187.0,235193.0,507704.0,5.0,3.0
2021-09-22,0.116,5.0,0.02,0.98,0.1,0.68,0.477,0.408,86052.0,955.0,69371.0,917407.0,50.0,1598.0,770.0,200.0,138.0,94.0,59.0,553.0,37.0,0.0,0.0,644635.0,276188.0,236319.0,509934.0,5.0,3.0
2021-09-23,0.112,5.0,0.02,0.98,0.1,0.64,0.478,0.409,86594.0,955.0,69980.0,922308.0,50.0,1743.0,949.0,213.0,137.0,88.0,53.0,542.0,18.5,0.0,0.0,645805.0,276824.0,236785.0,511047.0,5.0,3.0
2021-09-24,0.109,5.0,0.02,0.97,0.1,0.68,0.479,0.41,87351.0,955.0,70293.0,925561.0,50.0,1743.0,933.0,226.0,137.0,93.0,59.0,757.0,9.25,0.0,0.0,648605.0,277385.0,237374.0,512233.0,5.0,3.0
2021-09-25,0.112,5.0,0.02,0.97,0.1,0.68,0.48,0.41,87866.0,955.0,70671.0,928506.0,50.0,1746.0,907.0,227.0,136.0,93.0,56.0,515.0,4.625,0.0,0.0,653265.0,277518.0,237495.0,512395.0,5.0,3.0
2021-09-26,0.117,5.0,0.02,0.97,0.1,0.71,0.48,0.411,87866.0,955.0,71031.0,930653.0,50.0,1746.0,895.0,221.0,136.0,96.0,59.0,257.5,2.3125,0.0,0.0,653685.0,278026.0,238024.0,513474.0,5.0,3.0
2021-09-27,0.115,5.0,0.02,0.96,0.1,0.73,0.48,0.412,87866.0,955.0,71236.0,932017.0,50.0,1746.0,874.0,215.0,136.0,99.0,63.0,663.25,1.15625,0.0,0.0,653685.0,278076.0,238199.0,513663.0,5.0,3.0
2021-09-28,0.116,5.0,0.02,0.96,0.1,0.69,0.481,0.412,88935.0,955.0,71446.0,933552.0,50.0,1600.0,769.0,219.0,138.0,95.0,60.0,1069.0,21.078125,0.0,0.0,653685.0,278102.0,238222.0,513700.0,5.0,3.0
2021-09-29,0.118,5.0,0.02,0.96,0.1,0.74,0.483,0.414,89430.0,996.0,71748.0,935110.0,50.0,1596.0,822.0,235.0,140.0,103.0,61.0,495.0,41.0,0.0,0.0,654525.0,279626.0,239864.0,517584.0,5.0,3.0
2021-09-30,0.115,5.0,0.02,0.96,0.1,0.75,0.484,0.415,89965.0,996.0,72247.0,939816.0,50.0,1749.0,938.0,227.0,142.0,107.0,69.0,535.0,20.5,0.0,0.0,657795.0,280165.0,240319.0,519093.0,5.0,3.0
2021-10-01,0.118,5.0,0.02,0.96,0.1,0.77,0.485,0.416,90602.0,996.0,72665.0,943235.0,50.0,1749.0,954.0,233.0,142.0,109.0,67.0,637.0,10.25,0.0,0.0,658215.0,280635.0,240814.0,520777.0,5.0,3.0
2021-10-02,0.114,5.0,0.02,0.96,0.1,0.75,0.485,0.416,91169.0,996.0,72960.0,946240.0,50.0,1749.0,933.0,221.0,141.0,106.0,72.0,567.0,5.125,0.0,0.0,670455.0,280782.0,240910.0,520913.0,5.0,3.0
2021-10-03,0.108,5.0,0.02,0.96,0.1,0.74,0.485,0.416,91169.0,996.0,73179.0,948353.0,50.0,1749.0,873.0,214.0,139.0,103.0,68.0,283.5,2.5625,0.0,0.0,674445.0,280930.0,241019.0,521105.0,5.0,3.0
2021-10-04,0.107,5.0,0.02,0.96,0.1,0.71,0.486,0.417,91169.0,996.0,73244.0,948861.0,50.0,1746.0,854.0,214.0,139.0,99.0,65.0,546.75,1.28125,0.0,0.0,675195.0,281039.0,241092.0,521250.0,5.0,3.0
2021-10-05,0.108,5.0,0.02,0.97,0.1,0.68,0.486,0.417,91979.0,996.0,73483.0,950353.0,50.0,1600.0,750.0,203.0,139.0,94.0,61.0,810.0,23.140625,0.0,0.0,675195.0,281079.0,241117.0,521269.0,5.0,3.0
2021-10-06,0.105,5.0,0.02,0.97,0.1,0.78,0.489,0.42,92517.0,1041.0,73743.0,952134.0,50.0,1601.0,818.0,207.0,139.0,108.0,63.0,538.0,45.0,0.0,0.0,677535.0,282983.0,243192.0,528763.0,5.0,3.0
2021-10-07,0.104,5.0,0.02,0.98,0.1,0.77,0.49,0.421,93083.0,1041.0,74173.0,956329.0,50.0,1746.0,968.0,212.0,139.0,107.0,65.0,566.0,22.5,0.0,0.0,678515.0,283442.0,243711.0,530245.0,5.0,3.0
2021-10-08,0.103,5.0,0.02,0.98,0.1,0.71,0.491,0.422,93764.0,1041.0,74496.0,959246.0,50.0,1745.0,956.0,222.0,138.0,98.0,56.0,681.0,11.25,0.0,0.0,680655.0,283932.0,244243.0,532009.0,5.0,3.0
2021-10-09,0.107,5.0,0.02,0.99,0.1,0.65,0.492,0.423,94303.0,1041.0,74866.0,962209.0,50.0,1741.0,956.0,227.0,139.0,90.0,59.0,539.0,5.625,0.0,0.0,690105.0,284600.0,244957.0,534368.0,5.0,3.0
2021-10-10,0.109,5.0,0.02,0.99,0.1,0.69,0.493,0.424,94303.0,1041.0,75049.0,963665.0,50.0,1741.0,904.0,217.0,139.0,96.0,58.0,269.5,2.8125,0.0,0.0,690305.0,285197.0,245545.0,536884.0,5.0,3.0
2021-10-11,0.111,5.0,0.02,1.0,0.1,0.64,0.0,0.0,94303.0,1041.0,75205.0,964543.0,50.0,1741.0,889.0,235.0,139.0,89.0,64.0,551.75,1.40625,0.0,0.0,0.0,0.0,0.0,0.0,5.0,3.0
2021-10-12,0.11,5.0,0.02,1.0,0.1,0.66,0.0,0.0,95137.0,1041.0,75338.0,965340.0,50.0,1596.0,832.0,228.0,139.0,92.0,63.0,834.0,20.203125,0.0,0.0,0.0,0.0,0.0,0.0,5.0,3.0
2021-10-13,0.108,5.0,0.02,1.01,0.1,0.68,0.494,0.426,95620.0,1080.0,75411.0,965924.0,50.0,1593.0,864.0,228.0,139.0,95.0,62.0,483.0,39.0,0.0,0.0,690305.0,286195.0,246602.0,540605.0,5.0,3.0
2021-10-14,0.0,3.0,0.02,1.01,0.1,0.66,0.495,0.427,96059.0,1080.0,0.0,0.0,50.0,1744.0,999.0,232.0,139.0,92.0,59.0,439.0,19.5,0.0,0.0,690825.0,286607.0,247064.0,542124.0,3.0,3.0
2021-10-15,0.0,3.0,0.02,1.02,0.1,0.63,0.496,0.427,96664.0,1080.0,0.0,0.0,50.0,1744.0,995.0,230.0,139.0,87.0,60.0,605.0,9.75,0.0,0.0,692285.0,286783.0,247246.0,542366.0,3.0,3.0
2021-10-16,0.0,3.0,0.02,1.02,0.1,0.63,0.497,0.429,97137.0,1080.0,0.0,0.0,50.0,1744.0,995.0,230.0,139.0,87.0,60.0,473.0,0.0,0.0,0.0,696085.0,287627.0,248274.0,545589.0,3.0,3.0
mean,0.05521404109589044,2.1797945205479454,0.15644691780821954,1.025496575342465,0.20147260273972484,0.2933904109589043,0.151861301369863,0.12263527397260274,35482.99657534246,399.3082191780822,30339.799657534248,428901.27397260274,44.22945205479452,1167.166095890411,529.4195205479452,66.63869863013699,93.25,39.053082191780824,14.98458904109589,190.048801369863,4.3451997676532566,0.0,0.0,201730.30393835617,87893.10616438356,70972.83047945205,157931.39726027398,2.2482876712328768,2.1044520547945207
median,0.045,2.0,0.11,1.01,0.16,0.35,0.0,0.0,43200.0,399.3082191780822,38614.0,469949.0,50.0,1617.0,695.0,38.0,130.0,45.0,8.0,88.0,1.0,0.0,0.0,0.0,0.0,0.0,0.0,2.0,2.0
std,0.03315285100380306,1.3461699866896617,0.22840810063340744,0.1405961422015803,0.13649415980520793,0.2139050311931581,0.18553717007471837,0.15976888657322533,29768.752570208802,351.9776617828169,24728.97063256488,319003.41754491226,15.789927191912897,763.4130883076899,354.51859791719284,74.8500354316636,61.04407123119028,28.88483926273923,17.476668759878486,247.89048358754434,7.198919371759721,0.0,0.0,248830.79416784516,107392.44027097724,92462.7031453761,198028.720060819,1.3093994758942715,0.9064143923706417
